,lat,lon
0,48.85269470000001,16.0590172
1,48.8505672,16.055718
2,48.8505672,16.055718
3,48.8503476,16.0553782
4,48.850143599999996,16.055063399999998
5,48.849834,16.0545823
6,48.849834,16.0545823
7,48.848397600000006,16.0523932
8,48.848397600000006,16.0523932
9,48.8470186,16.050248
10,48.8470186,16.050248
11,48.8467215,16.0497884
12,48.8465809,16.0495943
13,48.8464395,16.049414600000002
14,48.8463005,16.0492666
15,48.8461662,16.0491392
16,48.8460284,16.0490219
17,48.8458935,16.0489289
18,48.845748,16.0488359
19,48.8456101,16.0487631
20,48.84546160000001,16.0486996
21,48.845316600000004,16.0486545
22,48.8451527,16.0486157
23,48.8450066,16.048594400000002
24,48.8448485,16.0485813
25,48.8446946,16.0485859
26,48.844544299999995,16.048603
27,48.844399700000004,16.048633
28,48.8442395,16.048676999999998
29,48.8440731,16.0487375
30,48.8437022,16.0488953
31,48.8437022,16.0488953
32,48.8426916,16.0493478
33,48.8423649,16.0494888
34,48.84221289999999,16.0495467
35,48.8420638,16.049596400000002
36,48.8419081,16.0496298
37,48.8417561,16.0496524
38,48.841604499999995,16.0496623
39,48.841451899999996,16.0496591
40,48.8413003,16.0496415
41,48.8411464,16.0496126
42,48.8409866,16.0495659
43,48.84082670000001,16.0495007
44,48.840621899999995,16.049399400000002
45,48.8405415,16.049349900000003
46,48.840396500000004,16.0492497
47,48.8402631,16.049143
48,48.8401524,16.0490433
49,48.840109000000005,16.048999900000002
50,48.840109000000005,16.048999900000002
51,48.8400092,16.0488961
52,48.8398993,16.048768799999998
53,48.839783700000005,16.0486275
54,48.8395802,16.0483454
55,48.839356200000005,16.0480249
56,48.839356200000005,16.0480249
57,48.8389242,16.0474223
58,48.8388482,16.0473189
59,48.8387033,16.0471726
60,48.8385766,16.0470481
61,48.8384328,16.0469271
62,48.8383027,16.0468269
63,48.838151700000004,16.0467328
64,48.837899799999995,16.0466048
65,48.837737,16.0465461
66,48.837737,16.0465461
67,48.8375598,16.0464989
68,48.8374149,16.0464721
69,48.83725379999999,16.0464593
70,48.8371339,16.0464603
71,48.8370938,16.046464999999998
72,48.83696810000001,16.0464714
73,48.83696810000001,16.0464714
74,48.8368148,16.0464956
75,48.836661,16.0465327
76,48.8365242,16.0465777
77,48.836377399999996,16.0466385
78,48.836377399999996,16.0466385
79,48.8362328,16.0467118
80,48.836100099999996,16.0467984
81,48.835964600000004,16.0468892
82,48.8358275,16.0470016
83,48.83569979999999,16.0471225
84,48.8355694,16.047258
85,48.8354083,16.047447000000002
86,48.8350152,16.047950699999998
87,48.8345922,16.048502499999998
88,48.834258,16.0489361
89,48.834143299999994,16.0490736
90,48.8340118,16.0492259
91,48.8338917,16.0493513
92,48.8337604,16.0494727
93,48.833628999999995,16.0495814
94,48.8334806,16.049685800000002
95,48.83335039999999,16.0497683
96,48.833194799999994,16.0498458
97,48.8330689,16.0498981
98,48.83290220000001,16.049953
99,48.832750700000005,16.049991000000002
100,48.8325958,16.050012300000002
101,48.832437299999995,16.050021599999997
102,48.832289200000005,16.050021599999997
103,48.8321336,16.0500026
104,48.831986900000004,16.0499741
105,48.8318292,16.0499277
106,48.8316859,16.049874900000002
107,48.8315325,16.0498031
108,48.8313963,16.049725
109,48.8312524,16.0496321
110,48.831118700000005,16.0495289
111,48.8309842,16.0494125
112,48.83085,16.0492732
113,48.8307326,16.0491454
114,48.830611299999994,16.0489902
115,48.830499100000004,16.0488276
116,48.8303934,16.048656599999997
117,48.830292,16.0484803
118,48.830204200000004,16.0483021
119,48.8301273,16.0481277
120,48.830043200000006,16.0479134
121,48.8299751,16.047713899999998
122,48.829910399999996,16.0474934
123,48.829861799999996,16.0473022
124,48.8298111,16.047059400000002
125,48.8297722,16.046844
126,48.8297359,16.0466112
127,48.8296734,16.046171700000002
128,48.8296734,16.046171700000002
129,48.829516600000005,16.044981
130,48.8294764,16.0447126
131,48.829428,16.044438
132,48.8293947,16.044280999999998
133,48.829350899999994,16.0441068
134,48.829294,16.043902
135,48.8292273,16.0436978
136,48.829157,16.0435093
137,48.8290716,16.0433077
138,48.828993,16.0431419
139,48.8289034,16.0429709
140,48.8288281,16.0428417
141,48.828672,16.0426046
142,48.8285608,16.0424599
143,48.8284354,16.0423095
144,48.828314,16.0421812
145,48.828175,16.0420561
146,48.8280527,16.0419553
147,48.8279065,16.0418549
148,48.8277674,16.0417681
149,48.827616299999995,16.0416919
150,48.82745870000001,16.0416293
151,48.8273135,16.041578599999998
152,48.8271599,16.0415445
153,48.827015,16.0415259
154,48.8268474,16.041517600000002
155,48.8266959,16.0415226
156,48.8264945,16.0415534
157,48.8263127,16.041597699999997
158,48.8263127,16.041597699999997
159,48.8261771,16.0416423
160,48.8260845,16.0416802
161,48.8259315,16.0417505
162,48.8259315,16.0417505
163,48.8257708,16.041831900000002
164,48.8245432,16.042494400000002
165,48.8228092,16.0434253
166,48.822431099999996,16.0436307
167,48.8220881,16.0438009
168,48.8218385,16.0439093
169,48.821602500000004,16.043999499999998
170,48.8213135,16.0440905
171,48.8211771,16.044130900000003
172,48.8210658,16.0441524
173,48.8207984,16.044204
174,48.8204051,16.0442549
175,48.8201555,16.0442682
176,48.8199235,16.0442712
177,48.819680700000006,16.0442563
178,48.819680700000006,16.0442563
179,48.8194541,16.0442389
180,48.8192148,16.044204
181,48.8189848,16.0441607
182,48.8187498,16.0441085
183,48.8185276,16.0440383
184,48.818293700000005,16.0439607
185,48.8180721,16.0438688
186,48.8178513,16.0437725
187,48.81764879999999,16.043668
188,48.8174571,16.0435635
189,48.817188,16.0434011
190,48.8169656,16.043253
191,48.8167532,16.0430932
192,48.8160364,16.0425042
193,48.8134365,16.040324599999998
194,48.8133074,16.0402163
195,48.8133074,16.0402163
196,48.812467299999994,16.0395238
197,48.8123459,16.039423499999998
198,48.812200399999995,16.0393265
199,48.8120499,16.0392384
200,48.8119141,16.0391715
201,48.8117747,16.039108499999998
202,48.8116174,16.039054699999998
203,48.8114532,16.0390174
204,48.8113046,16.038991
205,48.8111435,16.0389741
206,48.811000899999996,16.0389786
207,48.811000899999996,16.0389786
208,48.8108357,16.0389876
209,48.8106961,16.039012900000003
210,48.8105496,16.0390503
211,48.810387799999994,16.0390984
212,48.8102458,16.0391563
213,48.8100934,16.0392339
214,48.8099518,16.039322
215,48.809816,16.0394125
216,48.8096736,16.039523499999998
217,48.8095467,16.039638500000002
218,48.8094179,16.0397714
219,48.8093011,16.0399059
220,48.809182899999996,16.040052
221,48.809071,16.040215300000003
222,48.8088608,16.0405521
223,48.808673600000006,16.0408926
224,48.806747200000004,16.04464
225,48.806747200000004,16.04464
226,48.8066942,16.0447428
227,48.8066942,16.0447428
228,48.8027907,16.0523304
229,48.8027907,16.0523304
230,48.802646,16.0526005
231,48.8024826,16.0528948
232,48.802354,16.0531126
233,48.8021947,16.0533589
234,48.8020619,16.053547000000002
235,48.8018979,16.0537613
236,48.8017482,16.0539292
237,48.801581,16.0541099
238,48.8014227,16.0542622
239,48.8012372,16.0544218
240,48.8010618,16.0545533
241,48.800895399999995,16.054669
242,48.8007039,16.0547847
243,48.8004944,16.054892199999998
244,48.80033710000001,16.0549609
245,48.8001598,16.0550293
246,48.7999742,16.055089300000002
247,48.7997696,16.0551341
248,48.799586700000006,16.0551624
249,48.7993844,16.0551824
250,48.7991766,16.0551848
251,48.798980900000004,16.0551729
252,48.798762599999996,16.0551445
253,48.7985638,16.0551043
254,48.7983692,16.055049
255,48.798182399999995,16.0549833
256,48.7979847,16.0549012
257,48.7978028,16.0548101
258,48.797613,16.0547011
259,48.797409,16.054567499999997
260,48.7972107,16.0544145
261,48.797123,16.054338199999997
262,48.797123,16.054338199999997
263,48.797081899999995,16.0543025
264,48.796921600000005,16.054157699999998
265,48.796774400000004,16.0540054
266,48.7964869,16.0536724
267,48.796214,16.053293300000004
268,48.7960876,16.0530932
269,48.7959607,16.0528752
270,48.79584570000001,16.0526557
271,48.7957267,16.0524169
272,48.7956303,16.0521944
273,48.7955334,16.051957
274,48.7954483,16.0517196
275,48.7953638,16.0514539
276,48.795288,16.0511971
277,48.7952191,16.0509203
278,48.7951535,16.0506309
279,48.7950935,16.0503014
280,48.7950532,16.0500331
281,48.7950179,16.049744099999998
282,48.794969200000004,16.049248000000002
283,48.794969200000004,16.049248000000002
284,48.7937538,16.0330728
285,48.79369570000001,16.0324033
286,48.79366829999999,16.032161600000002
287,48.7936305,16.0319076
288,48.7935953,16.031703099999998
289,48.7935441,16.0314685
290,48.7934941,16.0312641
291,48.7934272,16.0310479
292,48.79336370000001,16.0308552
293,48.7932821,16.0306366
294,48.7932821,16.0306366
295,48.793198100000005,16.0304553
296,48.793102000000005,16.0302599
297,48.793011,16.0300919
298,48.792896,16.029908300000002
299,48.7927982,16.0297637
300,48.7926766,16.0296068
301,48.7925648,16.029473199999998
302,48.79242070000001,16.0293247
303,48.7922997,16.0292114
304,48.792156,16.0290959
305,48.792026,16.029005599999998
306,48.7918801,16.028918400000002
307,48.7917273,16.028841500000002
308,48.791583700000004,16.028778699999997
309,48.791388399999995,16.0287087
310,48.791164200000004,16.028640900000003
311,48.789319799999994,16.0281779
312,48.789163099999996,16.0281379
313,48.789163099999996,16.0281379
314,48.7878149,16.0278041
315,48.7878149,16.0278041
316,48.787687299999995,16.0277723
317,48.787687299999995,16.0277723
318,48.78302070000001,16.0265907
319,48.78302070000001,16.0265907
320,48.7827759,16.0265235
321,48.781055200000004,16.0260558
322,48.7805739,16.0259359
323,48.777805,16.0252448
324,48.777805,16.0252448
325,48.776752200000004,16.0250003
326,48.775615,16.0247315
327,48.7754347,16.024673800000002
328,48.7752766,16.024621300000003
329,48.7751185,16.024551199999998
330,48.774988799999996,16.0244854
331,48.7748518,16.024402300000002
332,48.7747049,16.0242967
333,48.7745598,16.024176399999998
334,48.7744347,16.0240544
335,48.7743185,16.0239364
336,48.7742065,16.0238035
337,48.7740877,16.0236439
338,48.773978,16.0234828
339,48.773878700000004,16.0233216
340,48.773778,16.023135800000002
341,48.7736006,16.0227436
342,48.773455600000005,16.022333800000002
343,48.7733443,16.0219117
344,48.7732602,16.021455
345,48.77321729999999,16.020990400000002
346,48.7732037,16.0205176
347,48.7732277,16.0200655
348,48.773286799999994,16.019605
349,48.773286799999994,16.019605
350,48.773366700000004,16.019160199999998
351,48.7736836,16.0177035
352,48.7737551,16.017324
353,48.773804,16.016964
354,48.773832,16.0166739
355,48.7738494,16.0163573
356,48.7738474,16.0161033
357,48.7738315,16.0157544
358,48.7738026,16.0154625
359,48.7737542,16.0151346
360,48.7737084,16.0149002
361,48.773658399999995,16.0146939
362,48.7736477,16.0146446
363,48.7736189,16.0145399
364,48.773602000000004,16.0144861
365,48.7735026,16.0141956
366,48.7733854,16.0139052
367,48.7732412,16.013614699999998
368,48.7730636,16.0133242
369,48.7730636,16.0133242
370,48.7728856,16.0130737
371,48.772704499999996,16.0128634
372,48.7725227,16.0126882
373,48.772320799999996,16.0125318
374,48.7721176,16.012402599999998
375,48.771825,16.0122479
376,48.7715546,16.0121239
377,48.77149420000001,16.0120962
378,48.7714535,16.0120775
379,48.770582399999995,16.011678
380,48.770067499999996,16.0114415
381,48.76963,16.0112348
382,48.76963,16.0112348
383,48.769350200000005,16.0110849
384,48.7691182,16.010949
385,48.7688365,16.0107611
386,48.7685683,16.0105635
387,48.767737,16.009921300000002
388,48.767606799999996,16.0098207
389,48.767606799999996,16.0098207
390,48.7671256,16.0094533
391,48.7667408,16.0091604
392,48.7665218,16.0090018
393,48.7665218,16.0090018
394,48.7651297,16.0080739
395,48.7641773,16.0074389
396,48.764053100000005,16.0073573
397,48.764053100000005,16.0073573
398,48.7634875,16.0069856
399,48.7634875,16.0069856
400,48.7633053,16.0068658
401,48.763099100000005,16.0067211
402,48.763099100000005,16.0067211
403,48.762295,16.0061855
404,48.762024200000006,16.0060051
405,48.7593768,16.0042415
406,48.7588895,16.0039199
407,48.75885,16.0038939
408,48.757285700000004,16.0028492
409,48.757246,16.0028234
410,48.7570499,16.0026958
411,48.7563467,16.0022243
412,48.756144,16.0020774
413,48.7559658,16.0019363
414,48.75571179999999,16.0017043
415,48.755487,16.0014537
416,48.755286100000006,16.0011989
417,48.7551091,16.0009351
418,48.7549463,16.000660500000002
419,48.7547649,16.0003065
420,48.7546289,15.9999881
421,48.754498600000005,15.999631099999998
422,48.7543706,15.9992068
423,48.7542924,15.9988744
424,48.754271,15.998783300000001
425,48.7542092,15.998426199999999
426,48.754166999999995,15.998135399999999
427,48.7541319,15.997734699999999
428,48.7541136,15.9973155
429,48.7541173,15.9968918
430,48.7541342,15.9966375
431,48.7541451,15.9964745
432,48.7541601,15.9963476
433,48.7542013,15.9959994
434,48.7542715,15.9956013
435,48.75437,15.995180300000001
436,48.7544806,15.994804
437,48.754624,15.994396100000001
438,48.754899,15.993696400000001
439,48.754964799999996,15.9935292
440,48.7550001,15.9934394
441,48.7555606,15.9920133
442,48.7558793,15.991188699999999
443,48.7560225,15.9907704
444,48.7561357,15.990362300000003
445,48.7562174,15.9899935
446,48.7562766,15.989642300000002
447,48.756321299999996,15.989285500000001
448,48.756344399999996,15.989001199999999
449,48.756364899999994,15.988616
450,48.7563679,15.9884715
451,48.75636970000001,15.988380599999998
452,48.75636970000001,15.988380599999998
453,48.7564556,15.984179500000002
454,48.756486200000005,15.9831459
455,48.756528700000004,15.9825038
456,48.756592700000006,15.9819497
457,48.756676899999995,15.9814225
458,48.7567797,15.9809125
459,48.7568885,15.9804695
460,48.756962,15.980213399999998
461,48.757003999999995,15.980066899999999
462,48.7570507,15.9799267
463,48.757133700000004,15.9796771
464,48.7572513,15.979346
465,48.7577386,15.978095800000002
466,48.757971399999995,15.977510699999998
467,48.7584393,15.9763191
468,48.7584876,15.9761962
469,48.7590281,15.9748197
470,48.7598641,15.972690900000002
471,48.7598863,15.9726344
472,48.759922700000004,15.9725419
473,48.76096870000001,15.9698782
474,48.7611115,15.9695146
475,48.7611554,15.9694027
476,48.761304200000005,15.968961499999999
477,48.7613967,15.9686387
478,48.7614632,15.9683479
479,48.761525799999994,15.9680277
480,48.761536,15.967959699999998
481,48.7615817,15.967656400000001
482,48.761616700000005,15.9673152
483,48.761631200000004,15.967077599999998
484,48.761641499999996,15.966775
485,48.761639100000004,15.966421799999999
486,48.761632399999996,15.9663025
487,48.761616100000005,15.9660128
488,48.7615823,15.965683499999999
489,48.761533899999996,15.9653497
490,48.7614833,15.965086499999998
491,48.761416499999996,15.9647815
492,48.761355200000004,15.9645559
493,48.7612982,15.9643636
494,48.7612867,15.964324900000001
495,48.761178799999996,15.964004899999999
496,48.761105,15.963824599999999
497,48.760983700000004,15.963548600000001
498,48.760983700000004,15.963548600000001
499,48.760904100000005,15.9633842
500,48.760797499999995,15.9631866
501,48.7606972,15.9630226
502,48.7606378,15.9629256
503,48.7605347,15.962776199999999
504,48.760380100000006,15.962574599999998
505,48.7601538,15.962322
506,48.759958000000005,15.9621388
507,48.7597381,15.961949800000003
508,48.7593798,15.9616729
509,48.759037400000004,15.961408300000002
510,48.758995299999995,15.961374800000002
511,48.758937,15.9613285
512,48.7585495,15.961020499999998
513,48.758435799999994,15.960931500000001
514,48.758435799999994,15.960931500000001
515,48.7580605,15.9606405
516,48.7580605,15.9606405
517,48.7575939,15.960278699999998
518,48.757535600000004,15.9602337
519,48.757378499999994,15.960112599999999
520,48.7568471,15.959702900000002
521,48.756807,15.959671900000002
522,48.756807,15.959671900000002
523,48.7560701,15.959099100000001
524,48.7537687,15.9573103
525,48.7537687,15.9573103
526,48.753568900000005,15.957154999999998
527,48.753568900000005,15.957154999999998
528,48.751427,15.955489199999999
529,48.750749799999994,15.954962599999998
530,48.750749799999994,15.954962599999998
531,48.75040870000001,15.954704800000002
532,48.75040870000001,15.954704800000002
533,48.7502618,15.9545848
534,48.7502095,15.9545421
535,48.7501825,15.954521100000001
536,48.7501519,15.9544973
537,48.7501247,15.954476800000002
538,48.7500114,15.954391699999999
539,48.7498529,15.954281400000001
540,48.749635999999995,15.954156
541,48.74946729999999,15.9540835
542,48.7492873,15.954025199999998
543,48.7491281,15.953989800000002
544,48.748954299999994,15.9539708
545,48.7487434,15.953968900000001
546,48.748566600000004,15.9539937
547,48.7484023,15.954031
548,48.748208399999996,15.954096799999999
549,48.7480217,15.954177599999998
550,48.7480217,15.954177599999998
551,48.747747,15.954324
552,48.7475867,15.9544164
553,48.7474048,15.954521300000001
554,48.7473479,15.9545541
555,48.7471206,15.954675400000001
556,48.746892100000004,15.9547794
557,48.746714600000004,15.9548405
558,48.7465604,15.954880599999997
559,48.746404299999995,15.9549073
560,48.746228,15.954916899999999
561,48.7460505,15.954912099999998
562,48.745942799999995,15.9548967
563,48.7458464,15.9548829
564,48.7456126,15.9548166
565,48.745465,15.954763199999999
566,48.745239,15.9546486
567,48.7450917,15.9545551
568,48.7449186,15.9544233
569,48.7447966,15.9543158
570,48.7447713,15.9542935
571,48.7445692,15.954077700000001
572,48.7445692,15.954077700000001
573,48.7443741,15.953827599999999
574,48.7442299,15.9536042
575,48.7440897,15.9533543
576,48.74390379999999,15.9529865
577,48.74381339999999,15.952793599999998
578,48.7431536,15.9513848
579,48.7431536,15.9513848
580,48.7428145,15.950671100000001
581,48.742778799999996,15.950595999999999
582,48.7426814,15.9504029
583,48.7426814,15.9504029
584,48.7425547,15.950169800000001
585,48.742419899999994,15.949937599999998
586,48.7421902,15.9495949
587,48.7421902,15.9495949
588,48.7419373,15.949267
589,48.7417566,15.9490655
590,48.7416537,15.9489577
591,48.7415398,15.9488435
592,48.7412844,15.9486169
593,48.7410724,15.9484519
594,48.7408759,15.948323499999999
595,48.7406598,15.948193900000001
596,48.7405274,15.948129999999999
597,48.740436700000004,15.948086300000002
598,48.740436700000004,15.948086300000002
599,48.7401559,15.9479734
600,48.7398405,15.9478807
601,48.7395654,15.9478307
602,48.7393087,15.947804999999999
603,48.7390807,15.947808199999999
604,48.7388969,15.947818
605,48.738853000000006,15.9478204
606,48.738763299999995,15.9478297
607,48.738763299999995,15.9478297
608,48.7385662,15.9478551
609,48.7382525,15.9479356
610,48.737913,15.948062400000001
611,48.737596,15.948218599999999
612,48.7373192,15.9483857
613,48.737004799999994,15.9486259
614,48.737004799999994,15.9486259
615,48.7367215,15.948867499999999
616,48.7357191,15.9498004
617,48.7356186,15.949893900000001
618,48.7344157,15.9510133
619,48.7326464,15.9526503
620,48.729736100000004,15.9553511
621,48.7293614,15.955698499999999
622,48.7279203,15.9570345
623,48.7279203,15.9570345
624,48.725938899999996,15.958871599999998
625,48.72479379999999,15.9599353
626,48.7231369,15.961469899999999
627,48.7220336,15.9624946
628,48.7216705,15.962818400000002
629,48.721611100000004,15.962871400000001
630,48.7212674,15.963224100000001
631,48.7210099,15.963502199999999
632,48.720690399999995,15.9638914
633,48.719283600000004,15.9657468
634,48.71824779999999,15.967111800000001
635,48.71824779999999,15.967111800000001
636,48.7175492,15.968025500000001
637,48.7172903,15.9683337
638,48.7171321,15.968504199999998
639,48.7170877,15.9685521
640,48.716878799999996,15.9687501
641,48.7166726,15.9689272
642,48.716401399999995,15.9691236
643,48.716043400000004,15.969327100000001
644,48.7152208,15.9697321
645,48.7137672,15.9704469
646,48.7125977,15.9710232
647,48.71242,15.971110500000002
648,48.7123697,15.971135199999999
649,48.7123229,15.9711582
650,48.71225,15.9711941
651,48.7119833,15.9713251
652,48.711636299999995,15.9714742
653,48.7114132,15.9715445
654,48.711167700000004,15.971592600000001
655,48.7109652,15.9716082
656,48.7107265,15.9715952
657,48.7104596,15.9715432
658,48.7102073,15.971453400000001
659,48.7099455,15.9713169
660,48.7097112,15.971155599999998
661,48.709489899999994,15.970962
662,48.7092623,15.9707172
663,48.7091095,15.970513
664,48.7089679,15.9702958
665,48.708814200000006,15.970020000000002
666,48.7086692,15.969706500000001
667,48.7085576,15.969404800000001
668,48.708463200000004,15.9690978
669,48.7083809,15.968741399999999
670,48.708325,15.968434400000001
671,48.708279499999996,15.9680897
672,48.708223700000005,15.9674667
673,48.708223700000005,15.9674667
674,48.7081403,15.966359400000002
675,48.708100099999996,15.965967000000001
676,48.7080451,15.9655663
677,48.7079851,15.9652698
678,48.7079027,15.964943300000002
679,48.7077859,15.9645921
680,48.7076838,15.964333199999999
681,48.7075619,15.964075699999999
682,48.707422799999996,15.963822
683,48.7072795,15.963599599999998
684,48.7072219,15.963521300000002
685,48.7072219,15.963521300000002
686,48.70706920000001,15.9633369
687,48.706913899999996,15.9631742
688,48.7066761,15.962957099999999
689,48.706428,15.9627763
690,48.7062031,15.9626462
691,48.7059894,15.9625473
692,48.7057027,15.962453699999998
693,48.705450299999995,15.962406900000001
694,48.7051911,15.962387300000001
695,48.70492670000001,15.9624017
696,48.704668299999994,15.9624524
697,48.7044279,15.9625247
698,48.7042159,15.962613699999999
699,48.7042159,15.962613699999999
700,48.703883700000006,15.9627893
701,48.7035549,15.962992199999999
702,48.7031766,15.963235800000001
703,48.7030922,15.963290099999998
704,48.702896200000005,15.9634146
705,48.7019849,15.963993300000002
706,48.7019279,15.9640295
707,48.7018183,15.9640991
708,48.7011101,15.9645495
709,48.7011101,15.9645495
710,48.7007556,15.964774900000002
711,48.7007556,15.964774900000002
712,48.700608,15.964854699999998
713,48.700412299999996,15.964979199999998
714,48.7002514,15.9650816
715,48.7002514,15.9650816
716,48.6995686,15.965515900000002
717,48.6995425,15.9655326
718,48.6994494,15.9655918
719,48.6994241,15.9656079
720,48.6992652,15.965709799999999
721,48.6992652,15.965709799999999
722,48.69922929999999,15.965731699999997
723,48.6991288,15.965793
724,48.6991288,15.965793
725,48.698426,15.9662217
726,48.698426,15.9662217
727,48.6983696,15.966253699999998
728,48.6978259,15.966568099999998
729,48.697708500000005,15.966636
730,48.6973826,15.966847199999998
731,48.6973826,15.966847199999998
732,48.6973162,15.966885999999999
733,48.6972071,15.9669497
734,48.696713700000004,15.967279000000001
735,48.696422600000005,15.9674622
736,48.695240500000004,15.968206099999998
737,48.6940368,15.9689717
738,48.6940368,15.9689717
739,48.692574799999996,15.9699049
740,48.6922542,15.9701112
741,48.6918452,15.970374300000001
742,48.6914807,15.9705986
743,48.69131779999999,15.970696100000001
744,48.691121,15.970809400000002
745,48.690843799999996,15.970931599999998
746,48.690600399999994,15.971006299999999
747,48.6903164,15.971070499999998
748,48.69011629999999,15.971091399999999
749,48.689967200000005,15.9710929
750,48.68976729999999,15.9710929
751,48.68976729999999,15.9710929
752,48.689132799999996,15.9710542
753,48.688694,15.9710237
754,48.6883531,15.970966
755,48.688154499999996,15.9709234
756,48.687956299999996,15.9708734
757,48.6877912,15.970823199999998
758,48.6876268,15.9707687
759,48.6875138,15.970726500000001
760,48.6873451,15.970656900000002
761,48.687296200000006,15.970636800000001
762,48.687157899999995,15.9705701
763,48.687157899999995,15.9705701
764,48.6870863,15.9705356
765,48.6869784,15.970483600000001
766,48.686653899999996,15.9703095
767,48.686458,15.9701845
768,48.6862784,15.9700625
769,48.6859511,15.969814600000001
770,48.6856287,15.9695473
771,48.6852814,15.9692175
772,48.6850864,15.969006900000002
773,48.684818799999995,15.9687022
774,48.684543700000006,15.9683514
775,48.684303799999995,15.968022199999998
776,48.6840896,15.967689499999999
777,48.6840896,15.967689499999999
778,48.683843599999996,15.9672867
779,48.683597999999996,15.966826699999999
780,48.683451700000006,15.9665378
781,48.6833276,15.9662633
782,48.6831972,15.9659583
783,48.6830175,15.9654917
784,48.682598799999994,15.9642799
785,48.6823489,15.963556699999998
786,48.6823287,15.963498300000001
787,48.6817949,15.961936300000001
788,48.6817949,15.961936300000001
789,48.6816994,15.961665
790,48.6815145,15.9611394
791,48.6815004,15.9610994
792,48.6814894,15.9610682
793,48.6814807,15.9610435
794,48.6814482,15.9609574
795,48.6814482,15.9609574
796,48.6813844,15.960792800000002
797,48.6812776,15.9605396
798,48.681180499999996,15.960336600000002
799,48.6809917,15.960009099999999
800,48.6808586,15.9598045
801,48.680689,15.959583499999999
802,48.6805599,15.9594297
803,48.6803696,15.9592371
804,48.6801625,15.9590549
805,48.6799377,15.9588981
806,48.6796843,15.9587487
807,48.6794476,15.9586487
808,48.67923270000001,15.958582999999999
809,48.6789773,15.958532199999999
810,48.6789773,15.958532199999999
811,48.6787475,15.958511300000001
812,48.6784695,15.958523199999998
813,48.6782486,15.9585561
814,48.6780524,15.958606900000001
815,48.6778374,15.9586845
816,48.677641200000004,15.958774100000001
817,48.6774602,15.9588785
818,48.6773027,15.9589845
819,48.6771156,15.959131
820,48.6769302,15.959304300000001
821,48.6767439,15.959501399999999
822,48.6765743,15.959710500000002
823,48.67641939999999,15.9599315
824,48.6762842,15.9601564
825,48.6762686,15.960182399999999
826,48.6762104,15.9602884
827,48.6762104,15.9602884
828,48.676185600000004,15.960335800000001
829,48.6761049,15.96049
830,48.6759698,15.9608021
831,48.6759698,15.9608021
832,48.675870200000006,15.961078400000002
833,48.675870200000006,15.961078400000002
834,48.675823799999996,15.9612247
835,48.6757659,15.961431
836,48.675751899999995,15.9614807
837,48.675735100000004,15.9615405
838,48.675661100000006,15.9618042
839,48.6752302,15.9635185
840,48.6748498,15.9650285
841,48.6748498,15.9650285
842,48.6747515,15.9654655
843,48.6746131,15.966137400000001
844,48.674489,15.9668318
845,48.6743468,15.9676059
846,48.6742082,15.9683726
847,48.6741534,15.968677
848,48.674110299999995,15.9689163
849,48.674037799999994,15.9693184
850,48.674037799999994,15.9693184
851,48.673724299999996,15.9710454
852,48.6737175,15.971083100000001
853,48.6736984,15.971189
854,48.6736984,15.971189
855,48.6730919,15.974504000000001
856,48.6729394,15.975337900000001
857,48.672781799999996,15.976026999999998
858,48.672634,15.9765703
859,48.672412,15.977256599999999
860,48.6722378,15.9777191
861,48.672011499999996,15.9782606
862,48.672011499999996,15.9782606
863,48.6708622,15.9808054
864,48.6706518,15.9812669
865,48.6704089,15.9818065
866,48.6702511,15.982154800000002
867,48.670232399999996,15.982196
868,48.670128600000005,15.982425099999999
869,48.6699348,15.9828987
870,48.669823799999996,15.983224700000001
871,48.6697434,15.9834968
872,48.6696723,15.9838163
873,48.669618299999996,15.9841451
874,48.6695815,15.984450699999998
875,48.669563700000005,15.9847971
876,48.6695631,15.9851769
877,48.6695791,15.985463000000001
878,48.669607299999996,15.985726699999999
879,48.66965510000001,15.9860407
880,48.669719,15.9863423
881,48.66978579999999,15.9865951
882,48.669875899999994,15.986878400000002
883,48.6699863,15.9871626
884,48.67007279999999,15.9873576
885,48.670190600000005,15.987578699999998
886,48.6703422,15.987831900000002
887,48.6703422,15.987831900000002
888,48.6703943,15.9879089
889,48.6705493,15.9881208
890,48.6707086,15.988318900000001
891,48.6709376,15.9885821
892,48.6713797,15.9890636
893,48.6723597,15.990140400000001
894,48.672589200000004,15.9904249
895,48.672752200000005,15.9906559
896,48.67290139999999,15.990908300000001
897,48.6730069,15.9911085
898,48.6731223,15.991362099999998
899,48.6732446,15.991685
900,48.6732446,15.991685
901,48.6733325,15.9919821
902,48.673410600000004,15.992304999999998
903,48.6734621,15.9925902
904,48.67350510000001,15.992927800000002
905,48.67352929999999,15.9932616
906,48.6735328,15.993615599999998
907,48.6735172,15.993959599999998
908,48.6734833,15.994298
909,48.6734275,15.994644699999998
910,48.6733593,15.9949629
911,48.673253700000004,15.9953712
912,48.6732232,15.995463599999999
913,48.6732039,15.9955354
914,48.673188399999994,15.995593099999999
915,48.673154600000004,15.9957082
916,48.672904200000005,15.9965598
917,48.6721956,15.9989546
918,48.671718299999995,16.0005615
919,48.6714779,16.0013696
920,48.6713016,16.0019804
921,48.671149,16.002570199999997
922,48.67101629999999,16.0031636
923,48.6709267,16.0036222
924,48.6708492,16.0040835
925,48.6707902,16.0044792
926,48.6707777,16.0045632
927,48.670750299999995,16.0047921
928,48.670736299999994,16.004909400000003
929,48.6707135,16.005099800000004
930,48.67065529999999,16.0057666
931,48.670621999999995,16.0063435
932,48.670604499999996,16.0068901
933,48.670598600000005,16.0074829
934,48.67059129999999,16.0086037
935,48.670589299999996,16.008912
936,48.670589299999996,16.008912
937,48.670556899999994,16.0138996
938,48.6705532,16.0144683
939,48.6705527,16.0145416
940,48.670536,16.0150788
941,48.6704985,16.0157203
942,48.6704211,16.0165205
943,48.6703571,16.0170271
944,48.6702722,16.0175627
945,48.67017979999999,16.0180769
946,48.6700566,16.0186477
947,48.6699101,16.01924
948,48.669746200000006,16.019821
949,48.66958220000001,16.0203289
950,48.6694125,16.0208103
951,48.6692136,16.0213219
952,48.6689589,16.0219104
953,48.668719200000005,16.0224069
954,48.6685344,16.0227611
955,48.6683439,16.0231044
956,48.6683115,16.023162799999998
957,48.6681278,16.023466
958,48.6678992,16.023823800000002
959,48.6676202,16.0242246
960,48.667274,16.0246788
961,48.667012899999996,16.0249919
962,48.66668,16.0253562
963,48.666424600000006,16.0256157
964,48.666206200000005,16.0258203
965,48.665966499999996,16.02603
966,48.6656451,16.0262932
967,48.6654779,16.026422
968,48.6654272,16.0264611
969,48.664268,16.0273544
970,48.663500799999994,16.027944400000003
971,48.6634471,16.0279857
972,48.66269260000001,16.0285658
973,48.6625761,16.0286555
974,48.6595839,16.0309563
975,48.6595839,16.0309563
976,48.6585295,16.0317678
977,48.657850200000006,16.03229
978,48.6576569,16.0324386
979,48.6574198,16.0326202
980,48.6571473,16.0328289
981,48.6567472,16.0331428
982,48.6565317,16.0333119
983,48.656009999999995,16.033743599999998
984,48.6559485,16.0337945
985,48.6559485,16.0337945
986,48.6558643,16.0338687
987,48.6558086,16.033917499999998
988,48.6555026,16.0341858
989,48.6551604,16.0344965
990,48.654817,16.0348191
991,48.654817,16.0348191
992,48.654484499999995,16.0351426
993,48.6537478,16.0358708
994,48.6529067,16.0367023
995,48.652462400000005,16.037141300000002
996,48.6524224,16.0371808
997,48.651781400000004,16.037814100000002
998,48.65159379999999,16.0379994
999,48.6514569,16.0381343
1000,48.650837,16.0387451
1001,48.650837,16.0387451
1002,48.6493555,16.040208
1003,48.6483768,16.0411775
1004,48.647085499999996,16.042451500000002
1005,48.6468193,16.0427172
1006,48.646798,16.042738500000002
1007,48.6467667,16.042769699999997
1008,48.64668220000001,16.042850400000003
1009,48.6456796,16.0438419
1010,48.6456796,16.0438419
1011,48.6455636,16.0439614
1012,48.6455334,16.0439926
1013,48.6453414,16.0441905
1014,48.6453414,16.0441905
1015,48.645086299999996,16.0444803
1016,48.6449232,16.04469
1017,48.6448727,16.0447549
1018,48.6448209,16.0448215
1019,48.6446203,16.0451251
1020,48.6444415,16.045425899999998
1021,48.6442985,16.045707800000002
1022,48.6441349,16.046078599999998
1023,48.6441349,16.046078599999998
1024,48.644000299999995,16.0464348
1025,48.6438713,16.0468508
1026,48.6437645,16.0472654
1027,48.6437528,16.0473107
1028,48.6436076,16.0479384
1029,48.6435939,16.0479973
1030,48.6434849,16.0484684
1031,48.64317570000001,16.049836499999998
1032,48.64317570000001,16.049836499999998
1033,48.6431169,16.0500941
1034,48.6430354,16.0504668
1035,48.642946,16.0508572
1036,48.6427677,16.0516351
1037,48.6422859,16.0537365
1038,48.642055600000006,16.054738099999998
1039,48.6419696,16.0550879
1040,48.6419696,16.0550879
1041,48.641817700000004,16.055688
1042,48.641650399999996,16.0563538
1043,48.6415959,16.0565802
1044,48.64117,16.058449300000003
1045,48.6409862,16.059255800000003
1046,48.6408625,16.0597989
1047,48.6408306,16.0599396
1048,48.6407349,16.060361800000003
1049,48.6406157,16.0608712
1050,48.6405969,16.0609516
1051,48.6405969,16.0609516
1052,48.63999929999999,16.0635776
1053,48.6399444,16.063819
1054,48.6395573,16.065520000000003
1055,48.6385966,16.0696975
1056,48.6384398,16.070281299999998
1057,48.6382595,16.0708676
1058,48.6380881,16.071371499999998
1059,48.6380881,16.071371499999998
1060,48.6378494,16.071982300000002
1061,48.6376016,16.072555100000002
1062,48.6373393,16.0731057
1063,48.6370843,16.0735826
1064,48.6368268,16.0740258
1065,48.6368065,16.0740607
1066,48.6367251,16.074188
1067,48.6366842,16.074251999999998
1068,48.6364962,16.074546100000003
1069,48.6362347,16.0749149
1070,48.635926899999994,16.075318
1071,48.635602,16.0757076
1072,48.635295,16.0760407
1073,48.6349896,16.0763443
1074,48.6346842,16.0766233
1075,48.634392600000005,16.0768666
1076,48.6340636,16.077116099999998
1077,48.6337136,16.0773533
1078,48.633396000000005,16.0775463
1079,48.6330093,16.0777589
1080,48.632706400000004,16.0778953
1081,48.632426099999996,16.0780121
1082,48.6322266,16.0780813
1083,48.6321616,16.0781038
1084,48.631986700000006,16.0781645
1085,48.63101279999999,16.0784386
1086,48.6293794,16.078879999999998
1087,48.6289898,16.0789886
1088,48.6284597,16.0791346
1089,48.628133899999995,16.079219000000002
1090,48.627669299999994,16.0793518
1091,48.627314299999995,16.079472199999998
1092,48.6270486,16.079584
1093,48.626810600000006,16.0797057
1094,48.6265507,16.0798594
1095,48.6263224,16.080013
1096,48.626086,16.080191199999998
1097,48.62586829999999,16.0803792
1098,48.6255896,16.080647199999998
1099,48.625359700000004,16.0809016
1100,48.6251428,16.081163399999998
1101,48.624969,16.0813981
1102,48.624969,16.0813981
1103,48.6247667,16.081698
1104,48.6245246,16.0820901
1105,48.6242508,16.082562099999997
1106,48.623459999999994,16.0839362
1107,48.6233032,16.0842085
1108,48.6227815,16.085115
1109,48.62191970000001,16.086612300000002
1110,48.62191970000001,16.086612300000002
1111,48.6218285,16.0867708
1112,48.6211863,16.087881900000003
1113,48.6210109,16.0881703
1114,48.6209071,16.0883332
1115,48.6207902,16.0885091
1116,48.6206393,16.0887214
1117,48.6204696,16.0889488
1118,48.6204696,16.0889488
1119,48.6201983,16.0892804
1120,48.6201461,16.0893442
1121,48.6197683,16.0897754
1122,48.619564000000004,16.0899951
1123,48.6194068,16.0901554
1124,48.619232700000005,16.090321199999998
1125,48.619065500000005,16.09047
1126,48.6188844,16.0906217
1127,48.6185989,16.090838899999998
1128,48.6183348,16.0910156
1129,48.61806,16.0911799
1130,48.61806,16.0911799
1131,48.617760600000004,16.0913343
1132,48.6174216,16.0914836
1133,48.6171583,16.0915807
1134,48.616830900000004,16.0916815
1135,48.6164688,16.0917732
1136,48.616346899999996,16.0918041
1137,48.6152533,16.0920793
1138,48.6151125,16.0921169
1139,48.614979999999996,16.092147699999998
1140,48.614979999999996,16.092147699999998
1141,48.614737899999994,16.0922017
1142,48.614435799999995,16.0922668
1143,48.6143441,16.0922864
1144,48.61352410000001,16.0924617
1145,48.61352410000001,16.0924617
1146,48.6134306,16.0924839
1147,48.613383899999995,16.0924939
1148,48.6129217,16.0925929
1149,48.6125804,16.0926574
1150,48.6122898,16.092700400000002
1151,48.6122898,16.092700400000002
1152,48.6122216,16.092710399999998
1153,48.6121854,16.0927158
1154,48.6119649,16.0927343
1155,48.6117474,16.092741699999998
1156,48.6114541,16.0927269
1157,48.6112586,16.0927038
1158,48.6112036,16.0926973
1159,48.611107200000006,16.0926775
1160,48.610961700000004,16.0926476
1161,48.610709899999996,16.0925818
1162,48.6104246,16.092482
1163,48.6101594,16.0923665
1164,48.609840500000004,16.0921955
1165,48.609542299999994,16.0920033
1166,48.609542299999994,16.0920033
1167,48.6092838,16.0918046
1168,48.6090492,16.091606
1169,48.6087689,16.0913492
1170,48.6083034,16.0908772
1171,48.6082573,16.0908305
1172,48.607632200000005,16.0901967
1173,48.6075519,16.0901152
1174,48.6073665,16.0899251
1175,48.606787700000005,16.0893315
1176,48.6063667,16.0889087
1177,48.605914899999995,16.0884835
1178,48.60562720000001,16.0882463
1179,48.6053208,16.088009099999997
1180,48.6050436,16.0878136
1181,48.6046869,16.0875912
1182,48.6046869,16.0875912
1183,48.6043959,16.0874253
1184,48.6041424,16.087298699999998
1185,48.603998700000005,16.0872321
1186,48.6039551,16.087212
1187,48.6038636,16.0871696
1188,48.6035093,16.0870307
1189,48.6031899,16.0869226
1190,48.6028201,16.0868206
1191,48.6025013,16.086750199999997
1192,48.6021625,16.0867013
1193,48.6018821,16.0866731
1194,48.6016201,16.086660000000002
1195,48.6015627,16.0866571
1196,48.601324600000005,16.0866546
1197,48.601084,16.086662
1198,48.601084,16.086662
1199,48.601019,16.0866669
1200,48.600876899999996,16.0866802
1201,48.60061339999999,16.086705
1202,48.600194,16.0867763
1203,48.599832299999996,16.0868636
1204,48.5993641,16.0869975
1205,48.5993641,16.0869975
1206,48.5974678,16.087584699999997
1207,48.597404100000006,16.0876044
1208,48.5973468,16.0876224
1209,48.5973468,16.0876224
1210,48.597298200000004,16.087637400000002
1211,48.5967723,16.0877992
1212,48.5963489,16.0879297
1213,48.595918700000006,16.0880494
1214,48.5953599,16.0881821
1215,48.5951964,16.0882106
1216,48.5950758,16.0882316
1217,48.5949651,16.0882508
1218,48.5947665,16.0882854
1219,48.5943526,16.0883363
1220,48.5939841,16.0883716
1221,48.593635299999995,16.0883898
1222,48.5933875,16.0883995
1223,48.5928703,16.088395600000002
1224,48.5923014,16.0883624
1225,48.591989899999994,16.088331099999998
1226,48.5915564,16.0882739
1227,48.5910589,16.0881854
1228,48.5906287,16.0880902
1229,48.590121200000006,16.0879541
1230,48.587133200000004,16.0870578
1231,48.587031599999996,16.087027300000003
1232,48.586915000000005,16.0869924
1233,48.5855914,16.086595300000003
1234,48.5855914,16.086595300000003
1235,48.585205200000004,16.086479500000003
1236,48.5849896,16.0864148
1237,48.58406179999999,16.0861365
1238,48.5819315,16.0854975
1239,48.581493,16.085352800000003
1240,48.5813389,16.0852937
1241,48.581154,16.0852228
1242,48.5808416,16.0850846
1243,48.580536200000004,16.084927800000003
1244,48.5802622,16.0847686
1245,48.5800392,16.0846236
1246,48.5798158,16.084468400000002
1247,48.579519700000006,16.0842448
1248,48.57916289999999,16.0839397
1249,48.5788707,16.083659400000002
1250,48.578647499999995,16.083429000000002
1251,48.5783731,16.0831202
1252,48.5780775,16.0827581
1253,48.577813299999995,16.0824113
1254,48.5755472,16.0793358
1255,48.5753188,16.079025899999998
1256,48.5752681,16.0789571
1257,48.5746468,16.0781154
1258,48.5736525,16.0767683
1259,48.5730678,16.0759762
1260,48.5728731,16.0757237
1261,48.5728731,16.0757237
1262,48.5726347,16.0754329
1263,48.572438700000006,16.0752045
1264,48.572280600000006,16.0750302
1265,48.5721948,16.0749416
1266,48.5721343,16.074879
1267,48.5720694,16.074811999999998
1268,48.57196029999999,16.074706900000002
1269,48.5717795,16.0745328
1270,48.5714557,16.0742461
1271,48.571172,16.0740204
1272,48.570806700000006,16.0737511
1273,48.5705884,16.0736104
1274,48.570401600000004,16.0734887
1275,48.57016289999999,16.0733529
1276,48.5698985,16.073215
1277,48.5696645,16.073103099999997
1278,48.5695155,16.0730353
1279,48.569248200000004,16.0729308
1280,48.569012,16.0728493
1281,48.568785,16.072782999999998
1282,48.5684885,16.0727079
1283,48.56832070000001,16.0726654
1284,48.568058,16.072613
1285,48.567865000000005,16.0725748
1286,48.5678179,16.0725655
1287,48.5677426,16.072554699999998
1288,48.5675501,16.0725413
1289,48.5673701,16.0725311
1290,48.5671039,16.0725253
1291,48.5671039,16.0725253
1292,48.566221,16.072490300000002
1293,48.565562299999996,16.0724642
1294,48.565562299999996,16.0724642
1295,48.565487,16.0724612
1296,48.5653735,16.072456900000002
1297,48.565127000000004,16.0724475
1298,48.564766999999996,16.0724312
1299,48.564766999999996,16.0724312
1300,48.564300200000005,16.0724099
1301,48.5638451,16.0723919
1302,48.5638451,16.0723919
1303,48.5636898,16.072385399999998
1304,48.5633099,16.0723695
1305,48.5628977,16.072352300000002
1306,48.5628977,16.072352300000002
1307,48.5620268,16.072315900000003
1308,48.5618174,16.072298800000002
1309,48.5618174,16.072298800000002
1310,48.5611874,16.072197
1311,48.5610591,16.072172400000003
1312,48.5610591,16.072172400000003
1313,48.5608624,16.0721434
1314,48.56057929999999,16.0721292
1315,48.5604406,16.0721235
1316,48.5603381,16.0721193
1317,48.560184899999996,16.072113
1318,48.5598711,16.0720929
1319,48.55962279999999,16.0720649
1320,48.559222999999996,16.0719999
1321,48.5588965,16.0719259
1322,48.5588965,16.0719259
1323,48.558621200000005,16.071842
1324,48.558189500000005,16.0716928
1325,48.55784439999999,16.0715423
1326,48.55754,16.0713911
1327,48.5574964,16.0713695
1328,48.55707720000001,16.071147099999997
1329,48.556796500000004,16.0709981
1330,48.556796500000004,16.0709981
1331,48.5566832,16.0709369
1332,48.5566832,16.0709369
1333,48.5565957,16.070887900000002
1334,48.5562511,16.070694699999997
1335,48.5552277,16.0701406
1336,48.554737700000004,16.0698873
1337,48.554237799999996,16.069647500000002
1338,48.553587,16.069384799999998
1339,48.5533503,16.069291500000002
1340,48.5527706,16.0691038
1341,48.5525319,16.0690353
1342,48.5521081,16.0689233
1343,48.5521081,16.0689233
1344,48.550659499999995,16.0685318
1345,48.5505199,16.0684914
1346,48.5503261,16.068437900000003
1347,48.5501797,16.0683988
1348,48.5491336,16.0681194
1349,48.5488764,16.0680496
1350,48.5487967,16.068028299999998
1351,48.5473199,16.0676314
1352,48.5466518,16.0674518
1353,48.546401700000004,16.0673874
1354,48.546401700000004,16.0673874
1355,48.546322100000005,16.0673658
1356,48.544486,16.066867600000002
1357,48.544486,16.066867600000002
1358,48.542385100000004,16.066313
1359,48.5423599,16.0663063
1360,48.542294299999995,16.0662878
1361,48.542294299999995,16.0662878
1362,48.541983,16.0662056
1363,48.5418175,16.0661613
1364,48.533091799999994,16.0638239
1365,48.533091799999994,16.0638239
1366,48.5322338,16.0635947
1367,48.53216,16.063575
1368,48.531591799999994,16.0634232
1369,48.529639,16.062901500000002
1370,48.5295895,16.0628884
1371,48.52894620000001,16.062718
1372,48.5286296,16.0626505
1373,48.5282558,16.0625836
1374,48.5278104,16.062559699999998
1375,48.527577799999996,16.0625704
1376,48.5275378,16.062572199999998
1377,48.5274669,16.0625803
1378,48.5272422,16.0626098
1379,48.5270213,16.0626557
1380,48.526806799999996,16.062712400000002
1381,48.5267586,16.062725099999998
1382,48.5265342,16.0628068
1383,48.5263235,16.062890499999998
1384,48.526087200000006,16.0630069
1385,48.5258656,16.0631324
1386,48.525620700000005,16.063287
1387,48.5253929,16.0634549
1388,48.5250487,16.0637462
1389,48.5248066,16.0639862
1390,48.52452460000001,16.0643064
1391,48.524293,16.0645989
1392,48.5240735,16.064917
1393,48.5238193,16.0653157
1394,48.52356210000001,16.0657488
1395,48.52314129999999,16.066471
1396,48.5230765,16.066582099999998
1397,48.5227886,16.067080800000003
1398,48.5227886,16.067080800000003
1399,48.5224919,16.067575199999997
1400,48.5221774,16.0680605
1401,48.521935,16.0683816
1402,48.5216789,16.0686937
1403,48.5214346,16.0689505
1404,48.5211438,16.069234299999998
1405,48.520689700000005,16.0696479
1406,48.520253499999995,16.0700482
1407,48.5190808,16.0711064
1408,48.5185374,16.0715989
1409,48.518299400000004,16.0718146
1410,48.518299400000004,16.0718146
1411,48.5180626,16.0720292
1412,48.51765820000001,16.072395699999998
1413,48.5163177,16.073605599999997
1414,48.5149726,16.074850599999998
1415,48.5148456,16.0749796
1416,48.5147099,16.0751222
1417,48.5145571,16.0752927
1418,48.5143585,16.075526
1419,48.5143585,16.075526
1420,48.5141283,16.0758111
1421,48.513740000000006,16.0763548
1422,48.513535600000004,16.0766702
1423,48.5133333,16.0770035
1424,48.513103,16.0774255
1425,48.512869200000004,16.0778928
1426,48.512625799999995,16.0784409
1427,48.51237020000001,16.0790928
1428,48.5122152,16.0795167
1429,48.5121588,16.079682000000002
1430,48.5119706,16.0801766
1431,48.5111986,16.0822985
1432,48.5111494,16.082434
1433,48.5111494,16.082434
1434,48.5098636,16.0859727
1435,48.5098636,16.0859727
1436,48.5098221,16.086085699999998
1437,48.5097335,16.0863293
1438,48.509184600000005,16.0878387
1439,48.5091119,16.0880388
1440,48.5090239,16.0882807
1441,48.5075734,16.0922695
1442,48.507544,16.0923504
1443,48.5075126,16.0924369
1444,48.5063625,16.0955994
1445,48.5063381,16.0956666
1446,48.506228799999995,16.0959665
1447,48.505837400000004,16.097039900000002
1448,48.505837400000004,16.097039900000002
1449,48.5051403,16.0989596
1450,48.5048683,16.0997129
1451,48.504747200000004,16.100042300000002
1452,48.5032113,16.1042596
1453,48.5031904,16.1043171
1454,48.5030656,16.104661
1455,48.502835600000004,16.1052946
1456,48.5021897,16.1070682
1457,48.5021073,16.1072942
1458,48.501581,16.1087393
1459,48.5014814,16.1090128
1460,48.501178499999995,16.1098424
1461,48.501127600000004,16.1099826
1462,48.501127600000004,16.1099826
1463,48.5004389,16.1118865
1464,48.500397,16.1120024
1465,48.500324600000006,16.1122015
1466,48.4987078,16.1166498
1467,48.4987078,16.1166498
1468,48.4975483,16.1198234
1469,48.4973331,16.1203671
1470,48.4972945,16.1204645
1471,48.4970456,16.1210271
1472,48.4968037,16.1215143
1473,48.4965784,16.121928
1474,48.496403799999996,16.1222278
1475,48.4961959,16.1225657
1476,48.495936,16.122951800000003
1477,48.495936,16.122951800000003
1478,48.4956602,16.123335
1479,48.495444299999996,16.1236095
1480,48.49535529999999,16.123714
1481,48.495333200000005,16.1237399
1482,48.4953026,16.1237759
1483,48.4951334,16.1239745
1484,48.494838,16.1242938
1485,48.4945588,16.1245753
1486,48.4944553,16.124679699999998
1487,48.4941598,16.124965900000003
1488,48.4936199,16.1254828
1489,48.4934565,16.1256392
1490,48.4921588,16.1268967
1491,48.4921588,16.1268967
1492,48.490911600000004,16.1281025
1493,48.4896085,16.129364499999998
1494,48.4889793,16.129948300000002
1495,48.488751,16.1301566
1496,48.488643700000004,16.1302572
1497,48.488599,16.130299100000002
1498,48.4872393,16.1315742
1499,48.4872393,16.1315742
1500,48.4871274,16.1316823
1501,48.485795700000004,16.132969
1502,48.484173600000005,16.1345363
1503,48.483866,16.1348476
1504,48.4835781,16.1351633
1505,48.483211100000005,16.1356073
1506,48.4828381,16.136107199999998
1507,48.482566399999996,16.1365142
1508,48.482515500000005,16.1365905
1509,48.482418,16.1367539
1510,48.482248600000005,16.1370376
1511,48.4819795,16.137525099999998
1512,48.4819795,16.137525099999998
1513,48.4817234,16.1380387
1514,48.48149420000001,16.1385475
1515,48.4812791,16.1390709
1516,48.4810532,16.139684
1517,48.480475,16.1414124
1518,48.480343299999994,16.141807
1519,48.4800848,16.1425815
1520,48.4800848,16.1425815
1521,48.480047,16.1426923
1522,48.479724,16.1436579
1523,48.479702200000006,16.1437229
1524,48.4796123,16.1439941
1525,48.4794287,16.1445479
1526,48.4791769,16.145298
1527,48.4790385,16.1456893
1528,48.478754200000004,16.146454000000002
1529,48.478500200000006,16.1470785
1530,48.4782278,16.1476982
1531,48.4779468,16.148290099999997
1532,48.477735100000004,16.1487103
1533,48.477447399999996,16.149248800000002
1534,48.47708529999999,16.1498766
1535,48.47708529999999,16.1498766
1536,48.476824799999996,16.1503038
1537,48.476512,16.1507895
1538,48.476155600000006,16.151296900000002
1539,48.4760789,16.151406
1540,48.475967600000004,16.151554
1541,48.4758985,16.151646
1542,48.4758613,16.1516955
1543,48.475676799999995,16.151940900000003
1544,48.4753115,16.1523942
1545,48.4749947,16.1527584
1546,48.474624,16.1531671
1547,48.4742578,16.1535378
1548,48.47421,16.153586100000002
1549,48.4736989,16.154087
1550,48.4736081,16.1541758
1551,48.4728308,16.154936
1552,48.4717265,16.1560159
1553,48.4709146,16.1568098
1554,48.4708348,16.1568878
1555,48.4708348,16.1568878
1556,48.4694917,16.1582008
1557,48.4694023,16.158288199999998
1558,48.468759999999996,16.1589161
1559,48.468759999999996,16.1589161
1560,48.468555200000004,16.1591147
1561,48.4684864,16.159182
1562,48.4672025,16.1604381
1563,48.466998499999995,16.1606377
1564,48.466998499999995,16.1606377
1565,48.4668869,16.1607469
1566,48.4668158,16.1608165
1567,48.4667721,16.1608592
1568,48.4644408,16.16314
1569,48.4622233,16.1653032
1570,48.4622233,16.1653032
1571,48.4621868,16.1653388
1572,48.462134899999995,16.1653894
1573,48.4614609,16.1660479
1574,48.4614273,16.166080800000003
1575,48.4613885,16.166118700000002
1576,48.4602723,16.167209200000002
1577,48.4591197,16.1683353
1578,48.4591197,16.1683353
1579,48.4589917,16.1684603
1580,48.4585542,16.1688881
1581,48.4584886,16.1689523
1582,48.4569809,16.1704267
1583,48.4569809,16.1704267
1584,48.4568366,16.170567600000002
1585,48.456788,16.170614999999998
1586,48.4567528,16.170649400000002
1587,48.456117799999994,16.1712693
1588,48.4560829,16.171303400000003
1589,48.4560289,16.1713562
1590,48.4560021,16.1713823
1591,48.4558244,16.1715534
1592,48.45563610000001,16.1717226
1593,48.4554242,16.171904
1594,48.4552014,16.172075
1595,48.4549612,16.1722352
1596,48.454623100000006,16.1724366
1597,48.4542617,16.172631900000003
1598,48.4542617,16.172631900000003
1599,48.4541151,16.172707
1600,48.4539048,16.1728149
1601,48.4535581,16.1729794
1602,48.4533088,16.1730866
1603,48.4530115,16.1731884
1604,48.4526828,16.173270199999997
1605,48.452580499999996,16.1732902
1606,48.4525229,16.1733014
1607,48.4519508,16.1733741
1608,48.4516148,16.1733922
1609,48.451294399999995,16.173394599999998
1610,48.4510149,16.1733885
1611,48.4505025,16.173347800000002
1612,48.4495478,16.1732461
1613,48.4486863,16.1731563
1614,48.4484276,16.1731283
1615,48.446918100000005,16.1729704
1616,48.446551,16.172932
1617,48.446051700000005,16.1728801
1618,48.4457206,16.172848000000002
1619,48.44551679999999,16.1728282
1620,48.4450691,16.172810300000002
1621,48.4446182,16.1728282
1622,48.4446182,16.1728282
1623,48.4441705,16.1728801
1624,48.443909000000005,16.1729272
1625,48.4436154,16.1729901
1626,48.4391508,16.1740605
1627,48.4371304,16.1745449
1628,48.4369972,16.1745768
1629,48.4345728,16.175158
1630,48.4345728,16.175158
1631,48.434368,16.175206
1632,48.4335692,16.175393
1633,48.433456899999996,16.1754193
1634,48.4333947,16.1754339
1635,48.4327212,16.175597
1636,48.4324963,16.175640400000002
1637,48.4322713,16.1756739
1638,48.432024299999995,16.175697699999997
1639,48.4317216,16.175715300000004
1640,48.4315468,16.1757155
1641,48.431360600000005,16.1757119
1642,48.431056299999995,16.1756946
1643,48.430707,16.175656
1644,48.430707,16.175656
1645,48.4303311,16.175587300000004
1646,48.4300794,16.175528699999997
1647,48.4297946,16.175441
1648,48.4294448,16.1753219
1649,48.4292206,16.1752335
1650,48.428921,16.175091000000002
1651,48.4286159,16.1749273
1652,48.4285002,16.1748555
1653,48.4285002,16.1748555
1654,48.428377000000005,16.1747763
1655,48.4283514,16.1747599
1656,48.4280639,16.1745614
1657,48.4278566,16.1744016
1658,48.427596799999996,16.1741782
1659,48.4275198,16.174105100000002
1660,48.4274727,16.1740604
1661,48.4271581,16.1737501
1662,48.4269596,16.1735389
1663,48.426762599999996,16.173328899999998
1664,48.4265599,16.1731231
1665,48.426500399999995,16.1730576
1666,48.4264345,16.172985
1667,48.42613,16.172649800000002
1668,48.425823799999996,16.172294400000002
1669,48.4254157,16.1717984
1670,48.4254157,16.1717984
1671,48.4246008,16.1707914
1672,48.423680100000006,16.1696541
1673,48.4228264,16.168617
1674,48.4225779,16.168333999999998
1675,48.42243320000001,16.1681876
1676,48.422331799999995,16.1680851
1677,48.422171500000005,16.1679363
1678,48.4219521,16.1677594
1679,48.4217684,16.1676264
1680,48.4216013,16.167521599999997
1681,48.42157,16.167502
1682,48.4213547,16.1673837
1683,48.421062899999995,16.167251699999998
1684,48.4206911,16.1671275
1685,48.420418700000006,16.167074
1686,48.4201183,16.1670383
1687,48.4197587,16.1670367
1688,48.4197587,16.1670367
1689,48.4194884,16.167062599999998
1690,48.4192214,16.1671145
1691,48.4189489,16.167194
1692,48.418619899999996,16.167323800000002
1693,48.4183718,16.167448800000003
1694,48.4180638,16.1676402
1695,48.4178506,16.1677992
1696,48.4176159,16.1679955
1697,48.417396200000006,16.1682048
1698,48.4171809,16.1684384
1699,48.417004299999995,16.1686591
1700,48.4168008,16.1689381
1701,48.4165402,16.169334
1702,48.4161859,16.1699277
1703,48.4161594,16.169972199999997
1704,48.415041200000005,16.1718471
1705,48.414741799999994,16.1723491
1706,48.4147054,16.1724101
1707,48.414423,16.172883600000002
1708,48.4137474,16.1740197
1709,48.4137474,16.1740197
1710,48.4134715,16.1744747
1711,48.4132508,16.1748166
1712,48.413017700000005,16.175157199999997
1713,48.412723299999996,16.1755492
1714,48.4124863,16.175840400000002
1715,48.4121903,16.1761816
1716,48.4119302,16.176456400000003
1717,48.411669200000006,16.1767168
1718,48.4114745,16.1768904
1719,48.4111132,16.1771981
1720,48.4105334,16.177642600000002
1721,48.410492,16.1776713
1722,48.4096441,16.1782593
1723,48.408675200000005,16.1789457
1724,48.4076971,16.1796346
1725,48.406521600000005,16.1804674
1726,48.406444,16.1805224
1727,48.405702000000005,16.181047
1728,48.4050333,16.1815178
1729,48.4043785,16.1819767
1730,48.404070399999995,16.182176600000002
1731,48.403985,16.1822321
1732,48.403985,16.1822321
1733,48.40385560000001,16.182316
1734,48.4034226,16.182575099999998
1735,48.4030106,16.1828052
1736,48.4025549,16.183037900000002
1737,48.4020773,16.1832576
1738,48.4015806,16.1834653
1739,48.40108729999999,16.183654699999998
1740,48.399708700000005,16.184182
1741,48.397335399999996,16.1850874
1742,48.397265000000004,16.185114300000002
1743,48.3964622,16.185421599999998
1744,48.3964622,16.185421599999998
1745,48.39601629999999,16.1855923
1746,48.3960049,16.1855961
1747,48.395934000000004,16.185623800000002
1748,48.394959899999996,16.1859967
1749,48.394959899999996,16.1859967
1750,48.3941878,16.186290099999997
1751,48.39402570000001,16.1863517
1752,48.3937335,16.1864691
1753,48.3933219,16.1866673
1754,48.3930739,16.1868093
1755,48.3928766,16.1869369
1756,48.3927101,16.1870583
1757,48.3926764,16.1870829
1758,48.3925101,16.187215
1759,48.3922977,16.1873991
1760,48.392066299999996,16.187623499999997
1761,48.3918362,16.1878804
1762,48.391569700000005,16.1882017
1763,48.3914251,16.1884041
1764,48.3911229,16.1888735
1765,48.390372,16.1901033
1766,48.3900476,16.1906383
1767,48.3899334,16.1908267
1768,48.389416,16.191679999999998
1769,48.389416,16.191679999999998
1770,48.3890169,16.1923613
1771,48.388749700000005,16.1927978
1772,48.388472799999995,16.1932579
1773,48.3884451,16.193304
1774,48.3884229,16.193340900000003
1775,48.388150399999994,16.1937943
1776,48.38782379999999,16.194337400000002
1777,48.3870817,16.1955764
1778,48.3861963,16.1970441
1779,48.3859846,16.197399599999997
1780,48.3859534,16.1974503
1781,48.3858888,16.1975572
1782,48.3858888,16.1975572
1783,48.3856598,16.1979665
1784,48.385444799999995,16.1983764
1785,48.385444799999995,16.1983764
1786,48.385296399999994,16.1986942
1787,48.385126899999996,16.199077300000003
1788,48.384941,16.1995569
1789,48.384941,16.1995569
1790,48.384818100000004,16.1999136
1791,48.384666100000004,16.2003913
1792,48.3846427,16.200477
1793,48.3846282,16.20053
1794,48.38455689999999,16.2007914
1795,48.3844583,16.2011976
1796,48.3843566,16.2016463
1797,48.3837406,16.2045926
1798,48.3837406,16.2045926
1799,48.3832698,16.2068436
1800,48.383187400000004,16.2072644
1801,48.383187400000004,16.2072644
1802,48.3831099,16.2076693
1803,48.383077,16.2078622
1804,48.383077,16.2078622
1805,48.3830072,16.2082711
1806,48.3829348,16.2087361
1807,48.3829348,16.2087361
1808,48.3829048,16.208942999999998
1809,48.38286420000001,16.2092264
1810,48.38286420000001,16.2092264
1811,48.3827506,16.210153
1812,48.3827506,16.210153
1813,48.38270670000001,16.210829999999998
1814,48.382682700000004,16.2113158
1815,48.382682700000004,16.2113158
1816,48.382625700000006,16.2118136
1817,48.382585799999994,16.2120791
1818,48.382451200000006,16.2129682
1819,48.382451200000006,16.2129682
1820,48.3823804,16.2134327
1821,48.382265600000004,16.2142106
1822,48.3820748,16.2154842
1823,48.3820748,16.2154842
1824,48.3820283,16.215795999999997
1825,48.3819953,16.2160261
1826,48.3819953,16.2160261
1827,48.381910299999994,16.216596799999998
1828,48.3813971,16.2200134
1829,48.3813971,16.2200134
1830,48.381393100000004,16.220040400000002
1831,48.381393100000004,16.220040400000002
1832,48.3812908,16.2207272
1833,48.38118920000001,16.2214451
1834,48.38118920000001,16.2214451
1835,48.3811209,16.221908
1836,48.381070799999996,16.2222301
1837,48.380956299999994,16.2229949
1838,48.3809072,16.223312099999998
1839,48.3809072,16.223312099999998
1840,48.380673200000004,16.2248769
1841,48.3806429,16.2250832
1842,48.3806429,16.2250832
1843,48.3806309,16.2251653
1844,48.3806262,16.225197
1845,48.3806262,16.225197
1846,48.380067600000004,16.2290049
1847,48.3798779,16.2302975
1848,48.379504,16.2327935
1849,48.379504,16.2327935
1850,48.379213799999995,16.2347302
1851,48.379027,16.2359573
1852,48.378857700000005,16.237069
1853,48.378855200000004,16.237084699999997
1854,48.3788243,16.237292800000002
1855,48.3788243,16.237292800000002
1856,48.378821,16.2373158
1857,48.378814899999995,16.2373566
1858,48.3780794,16.2422306
1859,48.378073,16.2422734
1860,48.378073,16.2422734
1861,48.3773065,16.247353
1862,48.3768325,16.2502649
1863,48.376700799999995,16.2511057
1864,48.376700799999995,16.2511057
1865,48.3766774,16.2512707
1866,48.3766508,16.2514553
1867,48.3766508,16.2514553
1868,48.3764143,16.2530214
1869,48.375954899999996,16.2560641
1870,48.3758754,16.2565798
1871,48.3758754,16.2565798
1872,48.3758001,16.2570894
1873,48.3754112,16.259705800000003
1874,48.3753927,16.2598303
1875,48.375336600000004,16.2602074
1876,48.3749849,16.262643
1877,48.37465529999999,16.264956299999998
1878,48.37465529999999,16.264956299999998
1879,48.3732949,16.2740212
1880,48.3728225,16.2771684
1881,48.3723362,16.280409
1882,48.3723362,16.280409
1883,48.3720294,16.2824535
1884,48.3714854,16.2860778
1885,48.3713274,16.2870439
1886,48.3711842,16.2878243
1887,48.3710231,16.2886076
1888,48.3710231,16.2886076
1889,48.3708047,16.289536
1890,48.370557299999994,16.290470199999998
1891,48.370288200000005,16.2913916
1892,48.370001,16.2922801
1893,48.369976,16.2923512
1894,48.3697893,16.2928827
1895,48.3696872,16.2931732
1896,48.3693554,16.2940207
1897,48.3691747,16.294447
1898,48.3690718,16.294686900000002
1899,48.3690718,16.294686900000002
1900,48.368992799999994,16.2948628
1901,48.3686066,16.2956879
1902,48.3682767,16.2963448
1903,48.3679314,16.2969753
1904,48.367803,16.297196
1905,48.3674865,16.297739800000002
1906,48.367034100000005,16.2984633
1907,48.366546299999996,16.2991839
1908,48.366546299999996,16.2991839
1909,48.364762299999995,16.301714
1910,48.364296200000005,16.302376000000002
1911,48.363113399999996,16.304052
1912,48.3622758,16.3052389
1913,48.3622758,16.3052389
1914,48.3613011,16.3066207
1915,48.360732399999996,16.307428899999998
1916,48.360732399999996,16.307428899999998
1917,48.3605236,16.307725400000002
1918,48.3605236,16.307725400000002
1919,48.3602206,16.308152300000003
1920,48.3602206,16.308152300000003
1921,48.359636,16.3089795
1922,48.3591531,16.309666
1923,48.3591531,16.309666
1924,48.3590917,16.3097531
1925,48.357927200000006,16.3114044
1926,48.357927200000006,16.3114044
1927,48.3523348,16.3193349
1928,48.35229520000001,16.319391
1929,48.3522446,16.3194627
1930,48.3516355,16.3203265
1931,48.3510326,16.3211814
1932,48.3505416,16.3218777
1933,48.3502568,16.3222816
1934,48.3502568,16.3222816
1935,48.349957700000004,16.3227057
1936,48.349807,16.3229142
1937,48.3495779,16.3232314
1938,48.3493254,16.323566800000002
1939,48.3489197,16.3240621
1940,48.34858070000001,16.3244634
1941,48.34852,16.3245306
1942,48.3482786,16.324798
1943,48.3479495,16.3251413
1944,48.3478592,16.325229
1945,48.347688299999994,16.3253987
1946,48.3469711,16.326075699999997
1947,48.346683500000005,16.3263191
1948,48.3460875,16.326795399999998
1949,48.3454845,16.3272305
1950,48.3454845,16.3272305
1951,48.3444901,16.3279119
1952,48.343329100000005,16.3287145
1953,48.342601200000004,16.3292053
1954,48.342541600000004,16.3292453
1955,48.3421045,16.3295471
1956,48.3421045,16.3295471
1957,48.3418122,16.3297558
1958,48.3415913,16.3299016
1959,48.341485999999996,16.329976000000002
1960,48.341485999999996,16.329976000000002
1961,48.3414366,16.3300103
1962,48.341144799999995,16.330208
1963,48.3398902,16.331074700000002
1964,48.3398902,16.331074700000002
1965,48.3395541,16.3313059
1966,48.3393318,16.3314478
1967,48.3391204,16.3315986
1968,48.338462400000004,16.3320678
1969,48.338462400000004,16.3320678
1970,48.33829620000001,16.3321889
1971,48.3376669,16.3326473
1972,48.3374662,16.332786900000002
1973,48.3357975,16.3339475
1974,48.335471000000005,16.334171400000002
1975,48.335189299999996,16.3343618
1976,48.3350487,16.334464800000003
1977,48.3347153,16.3346827
1978,48.3343658,16.334928400000003
1979,48.331768200000006,16.3367165
1980,48.330771899999995,16.3373976
1981,48.329612899999994,16.3381951
1982,48.329426700000006,16.338323199999998
1983,48.329426700000006,16.338323199999998
1984,48.3222634,16.3432517
1985,48.319766200000004,16.3449719
1986,48.319472999999995,16.3451779
1987,48.319472999999995,16.3451779
1988,48.3191106,16.3454326
1989,48.318875299999995,16.3455916
1990,48.318875299999995,16.3455916
1991,48.3176001,16.3464557
1992,48.3176001,16.3464557
1993,48.317443,16.3465646
1994,48.316394700000004,16.3472883
1995,48.316394700000004,16.3472883
1996,48.3156654,16.3477851
1997,48.3156654,16.3477851
1998,48.31554129999999,16.3478699
1999,48.315368,16.3479891
2000,48.3122947,16.3500977
2001,48.3122947,16.3500977
2002,48.312193,16.350167499999998
2003,48.3117083,16.3505122
2004,48.3112294,16.3508767
2005,48.3112294,16.3508767
2006,48.3111247,16.350958300000002
2007,48.310728399999995,16.3512698
2008,48.3102195,16.351705300000003
2009,48.3098038,16.3520982
2010,48.3094075,16.3525049
2011,48.3090792,16.3528554
2012,48.3090792,16.3528554
2013,48.3087771,16.3531932
2014,48.3082983,16.3537537
2015,48.3080786,16.3540271
2016,48.3074054,16.3548895
2017,48.3072135,16.3551338
2018,48.3072135,16.3551338
2019,48.3065419,16.3559689
2020,48.3065419,16.3559689
2021,48.3049896,16.3578759
2022,48.3049896,16.3578759
2023,48.30427460000001,16.3587544
2024,48.3026263,16.3607784
2025,48.3026263,16.3607784
2026,48.302533200000006,16.3608939
2027,48.302533200000006,16.3608939
2028,48.3002581,16.363687300000002
2029,48.297564200000004,16.3669929
2030,48.297564200000004,16.3669929
2031,48.297323399999996,16.3672884
2032,48.293598100000004,16.371859699999998
2033,48.293598100000004,16.371859699999998
2034,48.293558600000004,16.3719081
2035,48.293558600000004,16.3719081
2036,48.2910769,16.3749571
2037,48.2871801,16.3797443
2038,48.2871801,16.3797443
2039,48.287046999999994,16.3799079
2040,48.287046999999994,16.3799079
2041,48.2860869,16.3810705
2042,48.285660899999996,16.3815979
2043,48.285660899999996,16.3815979
2044,48.2850461,16.382352800000003
2045,48.2849614,16.3824574
2046,48.2849614,16.3824574
2047,48.2837146,16.384037
2048,48.2837146,16.384037
2049,48.2837146,16.384037
2050,48.283407399999994,16.3844277
2051,48.2833329,16.3845201
2052,48.283283000000004,16.3845819
2053,48.2824778,16.3855733
2054,48.281953,16.386214000000002
2055,48.281953,16.386214000000002
2056,48.2815395,16.3867343
2057,48.281277,16.387042
2058,48.2808487,16.3875674
2059,48.2797109,16.3889632
2060,48.2797109,16.3889632
2061,48.27911629999999,16.3896911
2062,48.278068,16.3909744
2063,48.2778062,16.391297
2064,48.2776974,16.391431
2065,48.2776974,16.391431
2066,48.277118200000004,16.3921423
2067,48.2767268,16.3926179
2068,48.276581799999995,16.392796599999997
2069,48.2762343,16.393224800000002
2070,48.27570479999999,16.393903899999998
2071,48.27567379999999,16.3939437
2072,48.27567379999999,16.3939437
2073,48.2754565,16.3942224
2074,48.2749038,16.394925
2075,48.2747629,16.3951003
2076,48.2740664,16.3959541
2077,48.2740664,16.3959541
2078,48.273205,16.3970071
2079,48.2731527,16.3970682
2080,48.2731527,16.3970682
2081,48.27298,16.397273900000002
2082,48.27298,16.397273900000002
2083,48.2728059,16.3974856
2084,48.2728059,16.3974856
2085,48.2726409,16.3976885
2086,48.272569700000005,16.3977761
2087,48.2725352,16.397818599999997
2088,48.2724891,16.397875199999998
2089,48.2718163,16.398672400000002
2090,48.2718163,16.398672400000002
2091,48.2714783,16.3990984
2092,48.2714783,16.3990984
2093,48.2709766,16.399737
2094,48.2709766,16.399737
2095,48.2708024,16.3999554
2096,48.270627600000005,16.4001746
2097,48.270627600000005,16.4001746
2098,48.2699964,16.400965099999997
2099,48.2698299,16.401174599999997
2100,48.2698299,16.401174599999997
2101,48.2698299,16.401174599999997
2102,48.26966229999999,16.401383499999998
2103,48.26966229999999,16.401383499999998
2104,48.2682609,16.4030886
2105,48.268204600000004,16.4031571
2106,48.268204600000004,16.4031571
2107,48.2678631,16.4035725
2108,48.2678631,16.4035725
2109,48.2677125,16.403756400000002
2110,48.2675477,16.4039481
2111,48.2674467,16.4040608
2112,48.267416299999994,16.404094699999998
2113,48.2673148,16.4041945
2114,48.267219299999994,16.4042831
2115,48.267219299999994,16.4042831
2116,48.2670435,16.404432699999997
2117,48.2667881,16.404654500000003
2118,48.2666024,16.4047832
2119,48.2663905,16.4049148
2120,48.2661838,16.4050381
2121,48.2659258,16.4051869
2122,48.265721299999996,16.4053103
2123,48.265721299999996,16.4053103
2124,48.265257399999996,16.4055762
2125,48.265142499999996,16.4056419
2126,48.2649561,16.4057488
2127,48.26480720000001,16.4058314
2128,48.2646224,16.4059244
2129,48.2644815,16.4059897
2130,48.264345500000005,16.406045499999998
2131,48.2642121,16.4060943
2132,48.2640648,16.4061381
2133,48.2639175,16.4061758
2134,48.2637564,16.4062044
2135,48.2635114,16.4062385
2136,48.2634314,16.4062445
2137,48.2632075,16.4062466
2138,48.263117,16.406244400000002
2139,48.2629929,16.4062326
2140,48.262871399999995,16.406218099999997
2141,48.262757799999996,16.4062019
2142,48.2625356,16.4061486
2143,48.2623021,16.4060772
2144,48.2621468,16.406017000000002
2145,48.2619944,16.405948600000002
2146,48.261726700000004,16.4058081
2147,48.261726700000004,16.4058081
2148,48.261557200000006,16.4057057
2149,48.261394,16.4055996
2150,48.261087100000005,16.4053611
2151,48.2607722,16.405074300000003
2152,48.2605529,16.4048485
2153,48.2600664,16.4042813
2154,48.2597902,16.4039401
2155,48.259593,16.4036961
2156,48.2594328,16.403497899999998
2157,48.2593238,16.403363
2158,48.259223799999994,16.403245300000002
2159,48.259223799999994,16.403245300000002
2160,48.25912460000001,16.403126399999998
2161,48.25891970000001,16.4028794
2162,48.258767299999995,16.4026915
2163,48.258767299999995,16.4026915
2164,48.258517,16.4023812
2165,48.258517,16.4023812
2166,48.2583511,16.402183100000002
2167,48.258086299999995,16.401843
2168,48.258086299999995,16.401843
2169,48.257797700000005,16.401487200000002
2170,48.2577846,16.4014713
2171,48.2575305,16.4011638
2172,48.2575305,16.4011638
2173,48.257255900000004,16.4008411
2174,48.257132,16.4007084
2175,48.256865399999995,16.4004525
2176,48.256865399999995,16.4004525
2177,48.256730100000006,16.4003226
2178,48.2565369,16.400164999999998
2179,48.2563544,16.400016
2180,48.25598,16.399740400000002
2181,48.2557689,16.3996034
2182,48.2557689,16.3996034
2183,48.255461499999996,16.3994092
2184,48.2553241,16.3993251
2185,48.255202600000004,16.3992589
2186,48.255015,16.399165099999998
2187,48.2548653,16.3990969
2188,48.254608600000005,16.3989896
2189,48.2544938,16.3989434
2190,48.2544938,16.3989434
2191,48.254211,16.3988324
2192,48.253882399999995,16.3986907
2193,48.253882399999995,16.3986907
2194,48.2536471,16.3985983
2195,48.2535029,16.3985417
2196,48.2534366,16.3985155
2197,48.253034899999996,16.3983594
2198,48.252739899999995,16.3982373
2199,48.252739899999995,16.3982373
2200,48.2522756,16.3980494
2201,48.2520378,16.3979548
2202,48.2520378,16.3979548
2203,48.2518555,16.397878
2204,48.2518555,16.397878
2205,48.251411700000006,16.3977057
2206,48.2513174,16.397668900000003
2207,48.2513174,16.397668900000003
2208,48.2509724,16.3975306
2209,48.2508124,16.3974695
2210,48.2506817,16.3974141
2211,48.2506817,16.3974141
2212,48.2504551,16.3973223
2213,48.2504551,16.3973223
2214,48.249659799999996,16.3970052
2215,48.249659799999996,16.3970052
2216,48.24943029999999,16.3969055
2217,48.24943029999999,16.3969055
2218,48.249342600000006,16.3968687
2219,48.249155,16.3967797
2220,48.2490299,16.3967204
2221,48.2489674,16.396689000000002
2222,48.2486799,16.396531699999997
2223,48.2484486,16.3963865
2224,48.2481083,16.396149400000002
2225,48.2481083,16.396149400000002
2226,48.247738299999995,16.3958571
2227,48.247354200000004,16.3954944
2228,48.2471803,16.3953252
2229,48.247149900000004,16.3952928
2230,48.2470174,16.3951497
2231,48.2467794,16.394869
2232,48.246576700000006,16.3946298
2233,48.246576700000006,16.3946298
2234,48.246470200000005,16.3944861
2235,48.2463637,16.3943402
2236,48.2462895,16.3942349
2237,48.246216100000005,16.3941262
2238,48.2461035,16.3939566
2239,48.2459271,16.393674599999997
2240,48.2457927,16.3934456
2241,48.2457927,16.3934456
2242,48.245694799999995,16.3932742
2243,48.245476200000006,16.3928492
2244,48.2452169,16.3922837
2245,48.244769,16.391307
2246,48.244769,16.391307
2247,48.244386999999996,16.3904907
2248,48.24423779999999,16.3901827
2249,48.2437935,16.389203
2250,48.2429286,16.387369500000002
2251,48.2429286,16.387369500000002
2252,48.242912100000005,16.3873345
2253,48.242912100000005,16.3873345
2254,48.2425122,16.3864868
2255,48.2419762,16.3853541
2256,48.2419762,16.3853541
2257,48.241710299999994,16.3847905
2258,48.2416226,16.3846012
2259,48.24151,16.384375199999997
2260,48.2414611,16.3842855
2261,48.2414092,16.384192499999997
2262,48.2414092,16.384192499999997
2263,48.2413041,16.384017
2264,48.2412053,16.3838623
2265,48.241055700000004,16.3836617
2266,48.2409729,16.383551999999998
2267,48.2409729,16.383551999999998
2268,48.2408354,16.3833815
2269,48.2406758,16.383203299999998
2270,48.2406758,16.383203299999998
2271,48.2405903,16.3831162
2272,48.2404795,16.383010000000002
2273,48.240348700000006,16.3828923
2274,48.240348700000006,16.3828923
2275,48.2402421,16.3828006
2276,48.2398655,16.3825331
2277,48.2398655,16.3825331
2278,48.2395563,16.382369
2279,48.2394146,16.3823046
2280,48.2392718,16.382251
2281,48.2390554,16.3821813
2282,48.2390554,16.3821813
2283,48.238845899999994,16.3821282
2284,48.2386128,16.382075099999998
2285,48.2386128,16.382075099999998
2286,48.23835510000001,16.3820249
2287,48.2383006,16.382017
2288,48.2383006,16.382017
2289,48.2379641,16.3819796
2290,48.2379641,16.3819796
2291,48.2375646,16.3819761
2292,48.2375646,16.3819761
2293,48.2375646,16.3819761
2294,48.2371834,16.3820196
2295,48.236943100000005,16.3820686
2296,48.2367079,16.3821345
2297,48.2365675,16.382182099999998
2298,48.2365675,16.382182099999998
2299,48.236427,16.382236900000002
2300,48.236291200000004,16.3822935
2301,48.2361554,16.3823582
2302,48.2360444,16.3824132
2303,48.235932700000006,16.3824773
2304,48.235926,16.3824812
2305,48.235926,16.3824812
2306,48.2357177,16.3826098
2307,48.2357177,16.3826098
2308,48.235685,16.3826323
2309,48.2356666,16.3826467
2310,48.2354061,16.3828386
2311,48.2351881,16.3830186
2312,48.234905600000005,16.383284099999997
2313,48.234905600000005,16.383284099999997
2314,48.2346964,16.383502
2315,48.2346377,16.3835651
2316,48.2340559,16.3842208
2317,48.2340318,16.3842473
2318,48.2340318,16.3842473
2319,48.2340318,16.3842473
2320,48.233804799999994,16.3845134
2321,48.233493599999996,16.3848774
2322,48.2329388,16.3855179
2323,48.23287929999999,16.3855866
2324,48.23287929999999,16.3855866
2325,48.2317539,16.3868737
2326,48.231358,16.3873133
2327,48.2312259,16.38746
2328,48.2311511,16.387545000000003
2329,48.2311206,16.3875777
2330,48.2311206,16.3875777
2331,48.2311206,16.3875777
2332,48.23084,16.3879029
2333,48.23058220000001,16.3881955
2334,48.230327100000004,16.388458800000002
2335,48.230327100000004,16.388458800000002
2336,48.23003320000001,16.3887206
2337,48.2298092,16.388920199999998
2338,48.2295099,16.3891506
2339,48.2291314,16.389394699999997
2340,48.2291314,16.389394699999997
2341,48.2287167,16.3896163
2342,48.2282035,16.3898315
2343,48.2282035,16.3898315
2344,48.227793299999995,16.3899678
2345,48.2273261,16.3901231
2346,48.2269507,16.3902478
2347,48.2269507,16.3902478
2348,48.2264838,16.3903955
2349,48.226243700000005,16.3904742
2350,48.2260526,16.390536800000003
2351,48.2260526,16.390536800000003
2352,48.2257851,16.3906231
2353,48.2257851,16.3906231
2354,48.2257851,16.3906231
2355,48.2249401,16.3908955
2356,48.2246379,16.3909929
2357,48.2246379,16.3909929
2358,48.2241937,16.391142000000002
2359,48.2241937,16.391142000000002
2360,48.223631700000006,16.3913043
2361,48.223631700000006,16.3913043
2362,48.2234136,16.3913591
2363,48.2224333,16.3914943
2364,48.2224333,16.3914943
2365,48.2216467,16.391595600000002
2366,48.2213091,16.391639
2367,48.220774600000006,16.3917391
2368,48.220774600000006,16.3917391
2369,48.220357799999995,16.3918435
2370,48.220018100000004,16.3919286
2371,48.220018100000004,16.3919286
2372,48.2199451,16.391947599999998
2373,48.2199451,16.391947599999998
2374,48.2196494,16.3920246
2375,48.2190753,16.3921603
2376,48.2190753,16.3921603
2377,48.2189044,16.392187099999997
2378,48.2186091,16.3922335
2379,48.2184709,16.39224
2380,48.2183214,16.392231900000002
2381,48.218046,16.3922121
2382,48.2178925,16.3922005
2383,48.2178925,16.3922005
2384,48.217326,16.3921729
2385,48.217326,16.3921729
2386,48.217053799999995,16.3921628
2387,48.2168138,16.3921458
2388,48.216627,16.392142800000002
2389,48.2161865,16.3921807
2390,48.2161865,16.3921807
2391,48.215663799999994,16.392255
2392,48.2154997,16.3922964
2393,48.215402000000005,16.392326500000003
2394,48.215369200000005,16.3923366
2395,48.2152409,16.3923761
2396,48.2143157,16.3926476
2397,48.2143157,16.3926476
2398,48.2142808,16.3926576
2399,48.2142439,16.3926676
2400,48.2142439,16.3926676
2401,48.21407979999999,16.3927112
2402,48.213918400000004,16.3927333
2403,48.213739200000006,16.3927305
2404,48.213739200000006,16.3927305
2405,48.213589,16.392712699999997
2406,48.21349179999999,16.3926864
2407,48.2134112,16.3926645
2408,48.2132953,16.3926228
2409,48.2129205,16.392491500000002
2410,48.2129205,16.392491500000002
2411,48.212511600000006,16.3923496
2412,48.2124437,16.3923274
2413,48.2124437,16.3923274
2414,48.2123755,16.3922982
2415,48.2123064,16.3922715
2416,48.2122362,16.39224
2417,48.2121489,16.3921915
2418,48.2120604,16.392138199999998
2419,48.21196629999999,16.3920671
2420,48.211919200000004,16.3920286
2421,48.2118718,16.3919842
2422,48.211833399999996,16.391948199999998
2423,48.21179420000001,16.3919065
2424,48.2117533,16.3918644
2425,48.2117166,16.391823199999997
2426,48.2116799,16.391777599999998
2427,48.2116405,16.3917276
2428,48.2116405,16.3917276
2429,48.2115651,16.39163
2430,48.211496200000006,16.3915375
2431,48.2114221,16.391436300000002
2432,48.2112753,16.3912334
2433,48.211107899999995,16.391
2434,48.2109143,16.3907301
2435,48.2109143,16.3907301
2436,48.2101948,16.389720999999998
2437,48.2101239,16.3896205
2438,48.2101239,16.3896205
2439,48.2098854,16.3892882
2440,48.2097719,16.3891323
2441,48.2096906,16.3890344
2442,48.2096359,16.3889672
2443,48.2094204,16.3887024
2444,48.209320700000006,16.3885822
2445,48.20925820000001,16.3885026
2446,48.20925820000001,16.3885026
2447,48.2089282,16.388113699999998
2448,48.208681899999995,16.387786300000002
2449,48.2085735,16.387638199999998
2450,48.2084068,16.3874
2451,48.2081859,16.3870837
2452,48.2081859,16.3870837
2453,48.2079996,16.386825
2454,48.2079162,16.3867074
2455,48.2079162,16.3867074
2456,48.2078,16.3865441
2457,48.2078,16.3865441
2458,48.2075074,16.386145199999998
2459,48.2074097,16.386020600000002
2460,48.207366,16.3859684
2461,48.207366,16.3859684
2462,48.2073362,16.3859346
2463,48.2072144,16.3858072
2464,48.207118799999996,16.3857185
2465,48.207118799999996,16.3857185
2466,48.20706920000001,16.385676500000002
2467,48.206919799999994,16.3855625
2468,48.20644779999999,16.385216699999997
2469,48.2055704,16.384576000000003
2470,48.2055704,16.384576000000003
2471,48.20517279999999,16.3842856
2472,48.20503370000001,16.3841871
2473,48.2049437,16.384130499999998
2474,48.204925200000005,16.3841189
2475,48.204888399999994,16.3840983
2476,48.2047607,16.384027
2477,48.2047039,16.3839972
2478,48.2046547,16.3839736
2479,48.2046199,16.3839595
2480,48.20449,16.3839136
2481,48.20437020000001,16.3838826
2482,48.2043033,16.3838699
2483,48.204263899999994,16.3838625
2484,48.20415070000001,16.3838499
2485,48.20415070000001,16.3838499
2486,48.2040461,16.3838466
2487,48.2039298,16.3838573
2488,48.2039074,16.3838591
2489,48.203811,16.383877
2490,48.2033407,16.3839989
2491,48.2033407,16.3839989
2492,48.2030112,16.384088000000002
2493,48.2029729,16.3840989
2494,48.20271629999999,16.384166399999998
2495,48.20271629999999,16.384166399999998
2496,48.2023786,16.3842573
2497,48.2023331,16.3842696
2498,48.202077100000004,16.384339
2499,48.202077100000004,16.384339
2500,48.2020575,16.3843439
2501,48.2020575,16.3843439
2502,48.2020355,16.384349800000003
2503,48.2015378,16.3844828
2504,48.2015378,16.3844828
2505,48.201139500000004,16.3845887
2506,48.201139500000004,16.3845887
2507,48.1997777,16.3849655
2508,48.1997777,16.3849655
2509,48.1994159,16.385062400000002
2510,48.1994159,16.385062400000002
2511,48.1983977,16.3853351
2512,48.1979017,16.3854669
2513,48.1979017,16.3854669
2514,48.1974899,16.3855766
2515,48.19702589999999,16.385704500000003
2516,48.19684229999999,16.385747400000003
2517,48.19684229999999,16.385747400000003
2518,48.196818799999996,16.385753
2519,48.1965408,16.385823199999997
2520,48.1965408,16.385823199999997
2521,48.1957515,16.3860466
2522,48.1957515,16.3860466
2523,48.195302399999996,16.386149
2524,48.1951274,16.3861924
2525,48.195103700000004,16.3861984
2526,48.19497929999999,16.386242199999998
2527,48.19497929999999,16.386242199999998
2528,48.194781,16.3863432
2529,48.194731700000006,16.3863782
2530,48.194591700000004,16.3864791
2531,48.194344,16.3867249
2532,48.194344,16.3867249
2533,48.1942304,16.3868731
2534,48.1941275,16.3870285
2535,48.1940649,16.3871335
2536,48.1939547,16.3873356
2537,48.1938914,16.387462699999997
2538,48.1937817,16.387705
2539,48.1937817,16.387705
2540,48.1936544,16.3880236
2541,48.1934529,16.3885773
2542,48.193316499999995,16.388938
2543,48.1932491,16.3891077
2544,48.1932491,16.3891077
2545,48.1931734,16.389280199999998
2546,48.193111,16.3894128
2547,48.193047,16.3895388
2548,48.192974299999996,16.38968
2549,48.192893299999994,16.3898181
2550,48.1927499,16.3900423
2551,48.1927499,16.3900423
2552,48.192603600000005,16.3902604
2553,48.1925635,16.3903097
2554,48.1925462,16.390331
2555,48.1923619,16.3905576
2556,48.1922145,16.390714000000003
2557,48.1922145,16.390714000000003
2558,48.1920671,16.390854
2559,48.1919123,16.390981900000003
2560,48.1917441,16.3911057
2561,48.1913866,16.391313
2562,48.19117070000001,16.391405300000002
2563,48.1910223,16.391452599999997
2564,48.190879200000005,16.3914913
2565,48.190728899999996,16.3915212
2566,48.1905679,16.391545800000003
2567,48.1904362,16.391553899999998
2568,48.190293,16.391557199999998
2569,48.190293,16.391557199999998
2570,48.190199,16.391551500000002
2571,48.190094099999996,16.3915436
2572,48.19003789999999,16.391537
2573,48.1899696,16.3915283
2574,48.1898429,16.3915047
2575,48.189613,16.39145
2576,48.1895259,16.3914188
2577,48.1894315,16.3913801
2578,48.189367,16.391355400000002
2579,48.1892984,16.3913229
2580,48.18916289999999,16.391254999999997
2581,48.1890967,16.3912154
2582,48.1889484,16.391127400000002
2583,48.18886079999999,16.3910659
2584,48.1887778,16.3910077
2585,48.1886142,16.3908727
2586,48.1886142,16.3908727
2587,48.188471899999996,16.3907443
2588,48.188285799999996,16.3905496
2589,48.1880989,16.3903249
2590,48.1880989,16.3903249
2591,48.187900899999995,16.390064199999998
2592,48.187804,16.389906
2593,48.187804,16.389906
2594,48.187718200000006,16.3897601
2595,48.187647999999996,16.389634
2596,48.187582299999995,16.3894978
2597,48.187511,16.389347
2598,48.1874364,16.389171599999997
2599,48.1873677,16.388990300000003
2600,48.187352399999995,16.3889441
2601,48.1872993,16.3887841
2602,48.1872993,16.3887841
2603,48.187246200000004,16.3885894
2604,48.187191,16.3883553
2605,48.1871532,16.3881421
2606,48.1871198,16.387924599999998
2607,48.1870976,16.387702700000002
2608,48.1870836,16.3874301
2609,48.187083,16.3873836
2610,48.187079700000005,16.3872637
2611,48.187079700000005,16.3872637
2612,48.18708170000001,16.3870332
2613,48.18708529999999,16.3869205
2614,48.18708529999999,16.3869205
2615,48.1870987,16.3867302
2616,48.187115500000004,16.3865639
2617,48.1871261,16.3864821
2618,48.1871376,16.386404000000002
2619,48.187166,16.386235
2620,48.187216,16.3859961
2621,48.1872356,16.385917000000003
2622,48.1872927,16.385704500000003
2623,48.187320899999996,16.385604
2624,48.187364,16.3854538
2625,48.187671,16.384535699999997
2626,48.187671,16.384535699999997
2627,48.187718100000005,16.384386300000003
2628,48.1877501,16.384277400000002
2629,48.187822499999996,16.384002300000002
2630,48.187861299999994,16.383837
2631,48.1879243,16.383511
2632,48.1879422,16.383388099999998
2633,48.1879757,16.3831279
2634,48.187995,16.3829323
2635,48.1880125,16.3826688
2636,48.1880156,16.3825834
2637,48.1880193,16.382468499999998
2638,48.18802,16.3823848
2639,48.1880208,16.382206099999998
2640,48.1880208,16.382206099999998
2641,48.1880171,16.3820554
2642,48.1880158,16.382006099999998
2643,48.1880095,16.3818962
2644,48.188007299999995,16.3818587
2645,48.1880067,16.381845499999997
2646,48.1880025,16.381762900000002
2647,48.187984,16.38155
2648,48.1879532,16.3812899
2649,48.1879532,16.3812899
2650,48.187923299999994,16.3810929
2651,48.1878887,16.3809008
2652,48.1878711,16.3808168
2653,48.1878487,16.380710099999998
2654,48.1876284,16.379797
2655,48.1876216,16.37977
2656,48.1875036,16.3793253
2657,48.1875036,16.3793253
2658,48.187349,16.378807600000002
2659,48.187224900000004,16.378439800000002
2660,48.1868589,16.3774689
2661,48.1866146,16.376834699999996
2662,48.1866146,16.376834699999996
2663,48.1861292,16.3755323
2664,48.1861292,16.3755323
2665,48.1859663,16.3750995
2666,48.185590000000005,16.3741166
2667,48.185590000000005,16.3741166
2668,48.18548079999999,16.3738224
2669,48.1847544,16.3718828
2670,48.1847544,16.3718828
2671,48.184576799999995,16.371378200000002
2672,48.1844905,16.3711223
2673,48.1844905,16.3711223
2674,48.183909899999996,16.36929
2675,48.1838987,16.3692546
2676,48.1838987,16.3692546
2677,48.1835764,16.3682413
2678,48.1835764,16.3682413
2679,48.1834254,16.367772199999997
2680,48.1834254,16.367772199999997
2681,48.1832771,16.3673318
2682,48.183148700000004,16.3669665
2683,48.1831075,16.3668535
2684,48.1830363,16.3666704
2685,48.1830363,16.3666704
2686,48.1827614,16.365979
2687,48.1827549,16.365962300000003
2688,48.1827549,16.365962300000003
2689,48.182449,16.3651793
2690,48.182449,16.3651793
2691,48.182283500000004,16.3647503
2692,48.182283500000004,16.3647503
2693,48.182254799999995,16.364662300000003
2694,48.181960600000004,16.3638311
2695,48.181960600000004,16.3638311
2696,48.1818694,16.3635589
2697,48.18185379999999,16.363511300000003
2698,48.18185379999999,16.363511300000003
2699,48.1817669,16.363239
2700,48.1817669,16.363239
2701,48.1816625,16.3629146
2702,48.1815674,16.362619199999997
2703,48.1815674,16.362619199999997
2704,48.1813514,16.3619361
2705,48.1811172,16.3612011
2706,48.1811172,16.3612011
2707,48.180862899999994,16.3603815
2708,48.180862899999994,16.3603815
2709,48.180609600000004,16.3596024
2710,48.1805446,16.3593981
2711,48.1805446,16.3593981
2712,48.1804284,16.3590331
2713,48.1803034,16.358640599999998
2714,48.1803034,16.358640599999998
2715,48.1802112,16.3583168
2716,48.1802112,16.3583168
2717,48.1801823,16.3582172
2718,48.1801204,16.358000099999998
2719,48.180049100000005,16.3577234
2720,48.179983299999996,16.357445600000002
2721,48.1799718,16.3573932
2722,48.179888299999995,16.3570104
2723,48.179888299999995,16.3570104
2724,48.1798445,16.3567669
2725,48.1797501,16.356159299999998
2726,48.1797367,16.3560402
2727,48.1797227,16.3559158
2728,48.1797039,16.3557487
2729,48.1795888,16.354593599999998
2730,48.1794849,16.3535295
2731,48.1794849,16.3535295
2732,48.179300399999995,16.3516402
2733,48.179280600000006,16.351443
2734,48.179196999999995,16.3507962
2735,48.179053700000004,16.349998199999998
2736,48.179053700000004,16.349998199999998
2737,48.1788842,16.3491782
2738,48.17883270000001,16.348955599999996
2739,48.1786276,16.3480689
2740,48.178459499999995,16.347480400000002
2741,48.1782996,16.346985
2742,48.1782996,16.346985
2743,48.178287899999994,16.3469489
2744,48.17804520000001,16.3463543
2745,48.1778786,16.3459851
2746,48.177628399999996,16.3454302
2747,48.1774723,16.3450843
2748,48.1773815,16.344883199999998
2749,48.177302399999995,16.3446884
2750,48.1772826,16.3446397
2751,48.1769101,16.3437221
2752,48.1769101,16.3437221
2753,48.17664570000001,16.3428905
2754,48.1764062,16.3419323
2755,48.1762881,16.3414552
2756,48.1762881,16.3414552
2757,48.176263899999995,16.3413581
2758,48.176263899999995,16.3413581
2759,48.1761479,16.340881500000002
2760,48.176138200000004,16.3408414
2761,48.176138200000004,16.3408414
2762,48.175966100000004,16.340134
2763,48.175966100000004,16.340134
2764,48.1756747,16.338793799999998
2765,48.175445,16.3376999
2766,48.175445,16.3376999
2767,48.175302,16.3370096
2768,48.175302,16.3370096
2769,48.1751886,16.3364601
2770,48.1751886,16.3364601
2771,48.174977,16.3354346
2772,48.174977,16.3354346
2773,48.1746684,16.333938699999997
