@id	@lon	@lat
9232368	16.3824574	48.2849614
9232371	16.3844277	48.2834074
9232372	16.3855733	48.2824778
9232373	16.3867343	48.2815395
9232374	16.3889632	48.2797109
9232375	16.3909744	48.2780680
9232376	16.3921423	48.2771182
9232377	16.3942224	48.2754565
9232378	16.3959541	48.2740664
9232380	16.3978752	48.2724891
9232394	16.4061758	48.2639175
9232395	16.4062466	48.2632075
9232396	16.4060772	48.2623021
9232397	16.4058081	48.2617267
9232398	16.4053611	48.2610871
9232404	16.4023812	48.2585170
9232407	16.4003226	48.2567301
9232410	16.4000160	48.2563544
9232412	16.3997404	48.2559800
9232413	16.3994092	48.2554615
9232414	16.3991651	48.2550150
9232416	16.3988324	48.2542110
9232417	16.3985417	48.2535029
9232419	16.3976689	48.2513174
9232420	16.3973223	48.2504551
9232421	16.3970052	48.2496598
9232422	16.3965317	48.2486799
9232423	16.3958571	48.2477383
9232424	16.3948690	48.2467794
9232425	16.3943402	48.2463637
9232426	16.3928492	48.2454762
9232427	16.3922837	48.2452169
9232429	16.3904907	48.2443870
9232431	16.3901827	48.2442378
9232437	16.3840170	48.2413041
9232438	16.3835520	48.2409729
9232487	16.3921807	48.2161865
9232488	16.3922964	48.2154997
9232491	16.3927305	48.2137392
9232492	16.3924915	48.2129205
9232494	16.3922400	48.2122362
9232495	16.3919842	48.2118718
9232496	16.3916300	48.2115651
9232498	16.3897210	48.2101948
9232500	16.3881137	48.2089282
9232502	16.3815979	48.2856609
26165450	16.0883898	48.5936353
31258693	16.3540271	48.3080786
31258694	16.3531932	48.3087771
31258695	16.3517053	48.3102195
31258696	16.3512698	48.3107284
31258700	16.3464557	48.3176001
31258701	16.3454326	48.3191106
31258715	16.3295471	48.3421045
31258829	16.3287145	48.3433291
31258831	16.3267954	48.3460875
31258832	16.3263191	48.3466835
31258833	16.3260757	48.3469711
31258834	16.3251413	48.3479495
31258835	16.3244634	48.3485807
31258836	16.3235668	48.3493254
31258858	16.2860778	48.3714854
31258941	16.2560641	48.3759549
31258952	16.2248769	48.3806732
31258964	16.2092264	48.3828642
31258965	16.2082711	48.3830072
31258966	16.2076693	48.3831099
31258970	16.2011976	48.3844583
31258971	16.2003913	48.3846661
31258972	16.1995569	48.3849410
31258973	16.1986942	48.3852964
31258974	16.1979665	48.3856598
31258975	16.1970441	48.3861963
31258976	16.1955764	48.3870817
31258977	16.1943374	48.3878238
31258978	16.1932579	48.3884728
31258979	16.1916800	48.3894160
31258980	16.1901033	48.3903720
31258981	16.1888735	48.3911229
31368642	16.3853351	48.1983977
31368643	16.3838770	48.2038110
31368644	16.3913130	48.1913866
31368645	16.3845887	48.2011395
31368647	16.3905496	48.1882858
31368648	16.3914913	48.1908792
31368649	16.3857530	48.1968188
31368650	16.3911274	48.1889484
31368652	16.3900642	48.1879009
31368653	16.3914500	48.1896130
31368654	16.3874301	48.1870836
31368657	16.3887841	48.1872993
31368659	16.3491782	48.1788842
31368660	16.3567669	48.1798445
31368662	16.3437221	48.1769101
31368663	16.3557487	48.1797039
31368664	16.3514430	48.1792806
31368665	16.3507962	48.1791970
31368667	16.3474804	48.1784595
31368668	16.3463543	48.1780452
31368669	16.3448832	48.1773815
31368671	16.3428905	48.1766457
31458236	16.0751222	48.5147099
31466714	16.0721292	48.5605793
34018718	16.0500941	48.6431169
47926201	16.3818962	48.1880095
47997572	16.3885773	48.1934529
60825162	16.3750995	48.1859663
64697998	16.3843752	48.2415100
66441663	16.3894978	48.1875823
66441664	16.3883553	48.1871910
66442204	16.3915572	48.1902930
66442205	16.3912550	48.1891629
66442206	16.3908727	48.1886142
66442864	16.3908540	48.1920671
66444419	16.3861490	48.1953024
66444420	16.3862422	48.1949793
66444421	16.3864791	48.1945917
78486621	16.3926476	48.2143157
81627419	16.3551338	48.3072135
81627534	16.3548895	48.3074054
83605433	16.1882017	48.3915697
89020657	16.3855625	48.2069198
92335458	16.3832033	48.2406758
92341364	16.3951497	48.2470174
92341365	16.3939566	48.2461035
92341366	16.3936746	48.2459271
92341367	16.3932742	48.2456948
92342255	16.3961494	48.2481083
98378192	16.3898181	48.1928933
98378193	16.3905576	48.1923619
98385933	16.3845357	48.1876710
98385934	16.3835110	48.1879243
100125271	16.3823848	48.1880200
100126629	16.3815500	48.1879840
100789974	16.1535861	48.4742100
116688698	16.1869369	48.3928766
116688699	16.1851143	48.3972650
116688701	16.1832576	48.4020773
116688702	16.1819767	48.4043785
116688703	16.1805224	48.4064440
116688704	16.1767168	48.4116692
116688705	16.1755492	48.4127233
116688708	16.1718471	48.4150412
116688709	16.1684384	48.4171809
116688710	16.1673238	48.4186199
116688713	16.1670383	48.4201183
116688714	16.1675020	48.4215700
116688717	16.1686170	48.4228264
125556902	16.1653894	48.4621349
125573595	16.1722944	48.4258238
125574357	16.1744016	48.4278566
130060227	16.1365905	48.4825155
140062525	16.3845760	48.2055704
140306002	16.1756946	48.4310563
140306003	16.1757119	48.4313606
160428573	16.1876235	48.3920663
160428576	16.1864691	48.3937335
179910364	16.1744747	48.4134715
232050270	16.0550634	48.8501436
232050276	16.0545823	48.8498340
232050283	16.0523932	48.8483976
232050290	16.0502480	48.8470186
232050298	16.0497884	48.8467215
232050307	16.0491392	48.8461662
232050316	16.0487631	48.8456101
232050326	16.0485944	48.8450066
232050333	16.0486330	48.8443997
232050342	16.0494888	48.8423649
232050350	16.0488953	48.8437022
235136393	16.0496524	48.8417561
235136401	16.0496591	48.8414519
235136409	16.0495659	48.8409866
235136412	16.0493994	48.8406219
235136421	16.0491430	48.8402631
235136428	16.0486275	48.8397837
235136436	16.0474223	48.8389242
235136442	16.0471726	48.8387033
235136447	16.0467328	48.8381517
235136491	16.0464989	48.8375598
235136496	16.0464714	48.8369681
235136499	16.0466385	48.8363774
235136502	16.0470016	48.8358275
235136508	16.0472580	48.8355694
235136515	16.0492259	48.8340118
235136523	16.0496858	48.8334806
235136529	16.0498458	48.8331948
235136538	16.0500123	48.8325958
235136541	16.0498749	48.8316859
235136549	16.0495289	48.8311187
235136559	16.0489902	48.8306113
235136572	16.0483021	48.8302042
235136585	16.0474934	48.8299104
235136594	16.0466112	48.8297359
235136597	16.0444380	48.8294280
235136602	16.0436978	48.8292273
235136611	16.0428417	48.8288281
235136617	16.0423095	48.8284354
235136624	16.0418549	48.8279065
235136628	16.0415786	48.8273135
235136633	16.0415226	48.8266959
235136640	16.0418319	48.8257708
235136645	16.0434253	48.8228092
235136652	16.0439093	48.8218385
235136657	16.0441309	48.8211771
235136663	16.0442549	48.8204051
235136668	16.0442389	48.8194541
235136674	16.0438688	48.8180721
235136679	16.0434011	48.8171880
235136684	16.0395238	48.8124673
235136692	16.0391715	48.8119141
235136699	16.0389910	48.8113046
235136704	16.0390984	48.8103878
235136710	16.0394125	48.8098160
235136715	16.0399059	48.8093011
235136723	16.0405521	48.8088608
235136730	16.0528948	48.8024826
235136740	16.0537613	48.8018979
235136745	16.0546690	48.8008954
235136754	16.0550293	48.8001598
235136762	16.0551824	48.7993844
235136766	16.0551043	48.7985638
235136772	16.0545675	48.7974090
235136778	16.0540054	48.7967744
235136785	16.0532933	48.7962140
235136790	16.0519570	48.7955334
235136801	16.0509203	48.7952191
235136803	16.0497441	48.7950179
235136817	16.0324033	48.7936957
235136825	16.0314685	48.7935441
235136833	16.0306366	48.7932821
235136839	16.0296068	48.7926766
235136847	16.0290959	48.7921560
235136852	16.0287787	48.7915837
235136855	16.0286409	48.7911642
235136862	16.0265907	48.7830207
235136870	16.0247315	48.7756150
235136882	16.0244854	48.7749888
235136890	16.0240544	48.7744347
235136899	16.0238035	48.7742065
235136908	16.0231358	48.7737780
235136913	16.0223338	48.7734556
235136917	16.0214550	48.7732602
235136923	16.0205176	48.7732037
235136930	16.0196050	48.7732868
235136938	16.0169640	48.7738040
235136944	16.0161033	48.7738474
235136950	16.0146939	48.7736584
235136954	16.0144861	48.7736020
235136957	16.0136147	48.7732412
235136966	16.0130737	48.7728856
235136973	16.0125318	48.7723208
235136978	16.0122479	48.7718250
235136986	16.0109490	48.7691182
235136990	16.0042415	48.7593768
235136996	16.0090018	48.7665218
245660489	16.1549360	48.4728308
245660491	16.1631400	48.4644408
245660493	16.1704267	48.4569809
245660495	16.1726319	48.4542617
245660496	16.1732702	48.4526828
245660498	16.1732461	48.4495478
245663886	16.1728282	48.4455168
245663888	16.1728103	48.4450691
245663889	16.1728801	48.4441705
245663891	16.1751580	48.4345728
245663892	16.1755970	48.4327212
245676001	16.1717226	48.4556361
245676003	16.1722352	48.4549612
245676004	16.1730866	48.4533088
245676006	16.1733922	48.4516148
245676008	16.1749273	48.4286159
245678204	16.1426923	48.4800470
245678206	16.1445479	48.4794287
245678207	16.1464540	48.4787542
245678209	16.1482901	48.4779468
245678211	16.1503038	48.4768248
245678213	16.1514060	48.4760789
245678215	16.1527584	48.4749947
245678216	16.1531671	48.4746240
245678218	16.1540870	48.4736989
245681068	16.1385475	48.4814942
245681069	16.1396840	48.4810532
245681070	16.1414124	48.4804750
245690504	16.0970399	48.5058374
245690505	16.1090128	48.5014814
245690507	16.1166498	48.4987078
245690509	16.1219280	48.4965784
245690510	16.1268967	48.4921588
245690512	16.1315742	48.4872393
245690513	16.1345363	48.4841736
245695938	16.0730353	48.5695155
245695951	16.0723159	48.5620268
245695953	16.0706947	48.5562511
245695954	16.0690353	48.5525319
245695956	16.0668676	48.5444860
245695958	16.0638239	48.5330918
245695959	16.0625836	48.5282558
245695961	16.0631324	48.5258656
245695963	16.0649170	48.5240735
245695964	16.0683816	48.5219350
245695965	16.0700482	48.5202535
253020608	16.1755873	48.4303311
253020609	16.1737501	48.4271581
253020713	16.1756739	48.4322713
253020874	16.1731563	48.4486863
253021060	16.1589161	48.4687600
253340624	16.0737511	48.5708067
253340625	16.0726654	48.5683207
253899903	16.0748120	48.5720694
255229636	16.0662056	48.5419830
256204134	15.9666360	48.6977085
256208600	16.0884835	48.6059149
256208601	16.0871696	48.6038636
256208602	16.0867502	48.6025013
256208603	16.0869975	48.5993641
256208604	16.0880494	48.5959187
256208605	16.0882739	48.5915564
256208607	16.0844684	48.5798158
256208608	16.0839397	48.5791629
256209457	16.0328289	48.6571473
256209460	15.9753379	48.6729394
256209461	15.9772566	48.6724120
256209462	15.9808054	48.6708622
256209463	15.9828987	48.6699348
256209464	15.9838163	48.6696723
256209465	15.9860407	48.6696551
256209466	15.9879089	48.6703943
256209467	15.9901404	48.6723597
256209468	15.9923050	48.6734106
256209469	15.9939596	48.6735172
256209470	15.9965598	48.6729042
256209471	16.0005615	48.6717183
256209472	16.0019804	48.6713016
256209473	16.0063435	48.6706220
256209474	16.0150788	48.6705360
256209475	16.0170271	48.6703571
256209476	16.0208103	48.6694125
256209477	16.0224069	48.6687192
256209478	16.0253562	48.6666800
256209479	16.0273544	48.6642680
256209480	16.0309563	48.6595839
256209481	16.0411775	48.6483768
256209482	16.0438419	48.6456796
256209483	16.0448215	48.6448209
256209484	16.0468508	48.6438713
256209485	16.0655200	48.6395573
256209486	16.0713715	48.6380881
256209487	16.0745461	48.6364962
256209488	16.0763443	48.6349896
256209489	16.0781645	48.6319867
256209491	16.0797057	48.6268106
256209492	16.0825621	48.6242508
256209493	16.0889488	48.6204696
256209494	16.0913343	48.6177606
256209495	16.0920793	48.6152533
256209496	16.0925929	48.6129217
256209497	16.0925818	48.6107099
256209498	16.0920033	48.6095423
256209499	16.0901152	48.6075519
256209716	15.9629922	48.7035549
256209717	15.9648547	48.7006080
256209718	15.9699049	48.6925748
256209719	15.9709316	48.6908438
256209720	15.9706368	48.6872962
256209721	15.9687022	48.6848188
256209722	15.9665378	48.6834517
256209723	15.9634983	48.6823287
256209725	15.9590549	48.6801625
256209726	15.9586069	48.6780524
256209727	15.9591310	48.6771156
256209728	15.9612247	48.6758238
256209729	15.9650285	48.6748498
256210215	15.9710237	48.6886940
256210372	15.9484519	48.7410724
256210373	15.9478307	48.7395654
256210374	15.9488675	48.7367215
256210375	15.9510133	48.7344157
256210376	15.9588716	48.7259389
256210377	15.9638914	48.7206904
256210378	15.9689272	48.7166726
256210379	15.9715926	48.7111677
256210380	15.9713169	48.7099455
256210381	15.9705130	48.7091095
256210382	15.9638220	48.7074228
256210383	15.9623873	48.7051911
256210812	15.9540777	48.7445692
256210821	15.9539898	48.7491281
256210822	15.9549121	48.7460505
256210823	15.9544233	48.7449186
256210824	15.9671118	48.7182478
256210825	15.9655663	48.7080451
256211048	15.9660128	48.7616161
256211049	15.9676564	48.7615817
256211050	15.9694027	48.7611554
256211052	15.9775107	48.7579714
256211053	15.9804695	48.7568885
256211054	15.9825038	48.7565287
256211055	15.9841795	48.7564556
256211057	15.9886160	48.7563649
256211058	15.9920133	48.7555606
256211059	15.9951803	48.7543700
256211060	15.9973155	48.7541136
256211061	15.9992068	48.7543706
256211062	16.0011989	48.7552861
256211063	16.0022243	48.7563467
256328228	15.9682061	48.6952405
263283010	16.4026915	48.2587673
263283014	16.4021831	48.2583511
263283262	16.4014713	48.2577846
263283263	16.4007084	48.2571320
263284749	16.3978780	48.2518555
270248966	16.0956666	48.5063381
270249691	16.1052946	48.5028356
270534452	16.1731283	48.4484276
282747318	16.3972739	48.2729800
287858052	16.1246797	48.4944553
287859954	16.1043171	48.5031904
287860141	16.1000423	48.5047472
287863119	16.0736056	48.5163177
287865227	16.0629015	48.5296390
287865230	16.0627251	48.5267586
287867917	16.1120024	48.5003970
288264000	15.9490655	48.7417566
288844186	16.1729320	48.4465510
292277458	16.0680283	48.5487967
292277459	16.0689233	48.5521081
294509603	16.3419323	48.1764062
332164704	16.3870332	48.1870817
332164705	16.3854538	48.1873640
332164706	16.3831279	48.1879757
333572349	16.3892802	48.1931734
334286226	15.9604900	48.6761049
334286533	15.9868784	48.6698759
334288004	16.0234660	48.6681278
334288007	16.0192400	48.6699101
334288012	16.0040835	48.6708492
334288022	15.9953712	48.6732537
334288027	15.9906559	48.6727522
334288046	15.9782606	48.6720115
334293739	15.9585830	48.6792327
334299330	15.9710929	48.6897673
334299334	15.9627763	48.7064280
334299548	15.9684344	48.7083250
334318199	15.9541560	48.7496360
334319929	15.9903623	48.7561357
335901091	15.9546486	48.7452390
335901294	15.9478551	48.7385662
335901567	15.9553511	48.7297361
336219276	16.0770035	48.5133333
336219277	16.0758111	48.5141283
336219754	16.0692343	48.5211438
336246030	16.0637462	48.5250487
336246031	16.0625803	48.5274669
336246202	16.0680605	48.5221774
337225731	16.0853528	48.5814930
337910716	16.0713695	48.5574964
340046816	16.3313059	48.3395541
374139480	16.0457078	48.6442985
391026245	16.1229518	48.4959360
391026246	16.1198234	48.4975483
412892412	16.2072644	48.3831874
420047769	16.3864821	48.1871261
476279835	16.0116780	48.7705824
476284291	15.9643249	48.7612867
476284292	15.9629256	48.7606378
476290048	15.9479734	48.7401559
476290049	15.9480624	48.7379130
476290050	15.9539937	48.7485666
476290051	15.9547794	48.7468921
486269714	16.0724612	48.5654870
486275228	16.0718420	48.5586212
486275231	16.0719999	48.5592230
486275242	16.0720929	48.5598711
486275266	16.0729308	48.5692482
488320999	16.0080739	48.7651297
489878843	15.9662217	48.6984260
489878845	15.9640991	48.7018183
489878848	15.9627893	48.7038837
489878851	15.9624524	48.7046683
489878857	15.9624537	48.7057027
489878859	15.9633369	48.7070692
489878860	15.9643332	48.7076838
489878861	15.9663594	48.7081403
489878862	15.9674667	48.7082237
489878865	15.9690978	48.7084632
489878867	15.9697065	48.7086692
489878869	15.9707172	48.7092623
489878871	15.9714534	48.7102073
489878873	15.9715432	48.7104596
489878876	15.9714742	48.7116363
489878879	15.9710232	48.7125977
489878882	15.9704469	48.7137672
489878883	15.9697321	48.7152208
489878885	15.9693271	48.7160434
489878886	15.9683337	48.7172903
489878887	15.9657468	48.7192836
489878890	15.9628714	48.7216111
489878896	15.9624946	48.7220336
489878900	15.9614699	48.7231369
489878904	15.9599353	48.7247938
489878918	15.9495949	48.7421902
489878922	15.9505960	48.7427788
489878926	15.9536042	48.7442299
489884524	15.9599315	48.6764194
489884547	15.9587741	48.6776412
489884565	15.9585113	48.6787475
489884585	15.9586487	48.6794476
489884593	15.9587487	48.6796843
489884609	15.9598045	48.6808586
489884617	15.9603366	48.6811805
489884647	15.9654917	48.6830175
489884697	15.9668267	48.6835980
489884708	15.9672867	48.6838436
489884722	15.9692175	48.6852814
489884730	15.9698146	48.6859511
489884744	15.9703095	48.6866539
489884772	15.9708734	48.6879563
489884825	15.9705986	48.6914807
489884846	15.9672790	48.6967137
489893412	16.0424515	48.6470855
489893416	16.0402080	48.6493555
489893420	16.0387451	48.6508370
489893428	16.0367023	48.6529067
489893440	16.0351426	48.6544845
489893448	16.0337945	48.6559485
489893457	16.0324386	48.6576569
489893476	16.0317678	48.6585295
489893506	16.0262932	48.6656451
489893514	16.0258203	48.6662062
489893537	16.0242246	48.6676202
489893600	16.0074829	48.6705986
489893623	16.0031636	48.6710163
489893644	15.9989546	48.6721956
489893668	15.9942980	48.6734833
489893681	15.9929278	48.6735051
489893687	15.9916850	48.6732446
489893702	15.9890636	48.6713797
489893716	15.9873576	48.6700728
489893752	15.9676059	48.6743468
489899497	16.0806472	48.6255896
489899650	16.0918041	48.6163469
489899690	16.0927158	48.6121854
489899742	16.0927417	48.6117474
489899748	16.0924617	48.6135241
489899758	16.0916815	48.6168309
489899775	16.0911799	48.6180600
489899780	16.0899951	48.6195640
489899789	16.0811634	48.6251428
489899792	16.0800130	48.6263224
489899798	16.0792190	48.6281339
489899800	16.0784386	48.6310128
489899813	16.0775463	48.6333960
489899827	16.0771161	48.6340636
489899846	16.0757076	48.6356020
489899860	16.0731057	48.6373393
489899868	16.0702813	48.6384398
489899886	16.0550879	48.6419696
489907138	16.0625722	48.5275378
489907143	16.0625597	48.5278104
489907158	16.0634232	48.5315918
489907210	16.0691038	48.5527706
489907215	16.0696475	48.5542378
489907304	16.0725311	48.5673701
489907324	16.0742461	48.5714557
489907331	16.0754329	48.5726347
489907338	16.0827581	48.5780775
489907344	16.0842448	48.5795197
489907361	16.0850846	48.5808416
489907366	16.0852228	48.5811540
489907375	16.0883956	48.5928703
489907391	16.0867050	48.6006134
489907394	16.0866669	48.6010190
489907398	16.0882463	48.6056272
489907410	16.0913492	48.6087689
489910863	16.0752927	48.5145571
489910885	16.0689505	48.5214346
489910901	16.0628905	48.5263235
489910914	16.0626557	48.5270213
489926805	16.1868093	48.3930739
489926897	16.1841820	48.3997087
489926931	16.1836547	48.4010873
489926989	16.1825751	48.4034226
489927051	16.1810470	48.4057020
489927068	16.1796346	48.4076971
489927076	16.1782593	48.4096441
489927080	16.1776426	48.4105334
489927127	16.1676402	48.4180638
489927133	16.1670626	48.4194884
489927145	16.1671275	48.4206911
489927154	16.1679363	48.4221715
489927175	16.1707914	48.4246008
489927291	16.1733478	48.4505025
489927390	16.1470785	48.4785002
489927407	16.1375251	48.4819795
489927423	16.1356073	48.4832111
489927442	16.1236095	48.4954443
489927469	16.1210271	48.4970456
490518809	15.9851769	48.6695631
490518810	15.9844507	48.6695815
492916616	15.9545421	48.7502095
493311615	15.9793460	48.7572513
493311634	15.9959994	48.7542013
497528708	16.3923496	48.2125116
497528709	16.3921382	48.2120604
506326473	16.0026958	48.7570499
529781023	15.9504029	48.7426814
529785106	15.9589845	48.6773027
529785107	15.9595014	48.6767439
529785108	15.9608021	48.6759698
529785109	15.9635185	48.6752302
529785256	15.9585561	48.6782486
534859601	15.9647815	48.7614165
565636574	16.3240621	48.3489197
567076926	16.3472883	48.3163947
581065215	16.0068658	48.7633053
581074708	15.9614083	48.7590374
581250498	15.9657098	48.6992652
581250499	15.9656079	48.6994241
581250503	15.9479356	48.7382525
581250504	15.9478297	48.7387633
581250766	15.9610435	48.6814807
581250781	15.9609574	48.6814482
581250877	15.9610784	48.6758702
581250946	15.9878319	48.6703422
581251162	15.9478204	48.7388530
581251163	15.9478050	48.7393087
581251164	15.9478807	48.7398405
581251165	15.9481939	48.7406598
581251166	15.9488435	48.7415398
581251167	15.9492670	48.7419373
583309461	16.3833881	48.1879422
583309465	16.3826688	48.1880125
613039786	16.2370690	48.3788577
613039787	16.2373158	48.3788210
625330891	16.1683353	48.4591197
625330941	16.1684603	48.4589917
634991124	16.1425815	48.4800848
634991418	16.1568098	48.4709146
634991425	16.1568878	48.4708348
634993351	16.1098424	48.5011785
634993352	16.1099826	48.5011276
635300728	16.0709981	48.5567965
635300790	16.0709369	48.5566832
635301065	16.0674518	48.5466518
635301081	16.0673874	48.5464017
635301178	16.0663063	48.5423599
635301628	16.0662878	48.5422943
635302701	16.0860857	48.5098221
635302713	16.0859727	48.5098636
635339562	16.0924839	48.6134306
635340169	16.0866620	48.6010840
635340848	16.0876044	48.5974041
635340857	16.0876224	48.5973468
635773220	16.0338687	48.6558643
635773334	16.0910156	48.6183348
652098356	16.3370096	48.1753020
704415649	16.0748506	48.5149726
717837771	16.3559689	48.3065419
725154471	16.3719081	48.2935586
725154472	16.3718597	48.2935981
725156224	16.3607784	48.3026263
725156243	16.3608939	48.3025332
725158795	16.3509583	48.3111247
725158834	16.3508767	48.3112294
725159717	16.3478699	48.3155413
725159718	16.3477851	48.3156654
789464045	16.2016463	48.3843566
824349474	16.0685318	48.5506595
824349606	16.0684379	48.5503261
872603401	16.0416919	48.8276163
872603404	16.0415259	48.8270150
872603406	16.0416802	48.8260845
872603423	16.0415977	48.8263127
872603425	16.0420561	48.8281750
919616935	16.2229949	48.3809563
936479232	15.9632901	48.7030922
936711245	15.9526503	48.7326464
942290361	16.3561593	48.1797501
962989088	15.9685521	48.7170877
966023329	16.0231628	48.6683115
967893375	16.3455916	48.3188753
973849229	16.0427697	48.6467667
973849301	16.0379994	48.6515938
984228767	15.9661374	48.6746131
1067778117	16.0474470	48.8354083
1071223332	16.0281779	48.7893198
1071223377	16.0281379	48.7891631
1073080623	15.9984262	48.7542092
1073080640	16.0003065	48.7547649
1076942908	15.9911887	48.7558793
1076942913	15.9896423	48.7562766
1076942916	15.9814225	48.7566769
1076942927	16.0017043	48.7557118
1076946183	15.9686387	48.7613967
1076946184	15.9670776	48.7616312
1076946185	15.9653497	48.7615339
1112948742	16.3891716	48.1874364
1112948746	16.3897601	48.1877182
1112948756	16.3879246	48.1871198
1127677548	16.1731231	48.4265599
1128896526	16.0628068	48.5265342
1128896541	16.0643064	48.5245246
1128896550	16.0665821	48.5230765
1128896560	16.0686937	48.5216789
1128896640	16.0627180	48.5289462
1131224460	16.0906217	48.6188844
1156806584	16.3915458	48.1905679
1156806676	16.3915047	48.1898429
1156806785	16.3911057	48.1917441
1156806868	16.3914053	48.1911707
1168799430	16.3926645	48.2134112
1168799440	16.3926228	48.2132953
1170625038	16.3946298	48.2465767
1170625272	16.3967204	48.2490299
1170625348	16.3913070	48.2447690
1170625535	16.3954944	48.2473542
1184436493	16.3926576	48.2142808
1242977448	16.0721130	48.5601849
1283628237	16.3921628	48.2170538
1284133387	16.0045632	48.6707777
1313678517	16.3741166	48.1855900
1351087012	16.1680851	48.4223318
1351087134	16.1677594	48.4219521
1351087211	16.1676264	48.4217684
1351951671	16.0880902	48.5906287
1351951674	16.0883995	48.5933875
1351951675	16.0882854	48.5947665
1351951676	16.0881821	48.5953599
1351951682	16.0877992	48.5967723
1367079148	16.4059897	48.2644815
1372316076	16.4008411	48.2572559
1377750564	16.3891323	48.2097719
1377750595	16.3923761	48.2152409
1377750605	16.3922550	48.2156638
1377750608	16.3921428	48.2166270
1377750611	16.3921729	48.2173260
1377750619	16.3922005	48.2178925
1377750623	16.3922319	48.2183214
1377750629	16.3922335	48.2186091
1377750631	16.3921603	48.2190753
1377750633	16.3919286	48.2200181
1377750643	16.3917391	48.2207746
1377750656	16.3916390	48.2213091
1377750658	16.3914943	48.2224333
1377750668	16.3913591	48.2234136
1377750693	16.3909929	48.2246379
1377750697	16.3905368	48.2260526
1377750699	16.3903955	48.2264838
1377750702	16.3902478	48.2269507
1377750730	16.3896163	48.2287167
1377750732	16.3893947	48.2291314
1377750734	16.3891506	48.2295099
1377750735	16.3889202	48.2298092
1377750737	16.3884588	48.2303271
1377750738	16.3879029	48.2308400
1377750740	16.3875777	48.2311206
1377750749	16.3874600	48.2312259
1377750752	16.3868737	48.2317539
1377750776	16.3855866	48.2328793
1377750779	16.3845134	48.2338048
1377750781	16.3842473	48.2340318
1377750783	16.3835651	48.2346377
1377750785	16.3832841	48.2349056
1377750790	16.3830186	48.2351881
1377750799	16.3826098	48.2357177
1377750825	16.3824812	48.2359260
1377750826	16.3823582	48.2361554
1377750828	16.3822369	48.2364270
1377750830	16.3821345	48.2367079
1377750831	16.3820686	48.2369431
1377750833	16.3820196	48.2371834
1377750844	16.3819761	48.2375646
1377750846	16.3819796	48.2379641
1377750848	16.3820170	48.2383006
1377750850	16.3820751	48.2386128
1377750852	16.3821813	48.2390554
1377750854	16.3822510	48.2392718
1377750857	16.3823690	48.2395563
1377750868	16.3825331	48.2398655
1377750870	16.3828006	48.2402421
1377939885	16.3573932	48.1799718
1377940183	16.3469489	48.1782879
1377940189	16.3480689	48.1786276
1377940198	16.3499982	48.1790537
1377940228	16.3593981	48.1805446
1377940242	16.3638311	48.1819606
1377940244	16.3646623	48.1822548
1377940246	16.3659790	48.1827614
1377940248	16.3668535	48.1831075
1377940252	16.3673318	48.1832771
1400057258	16.3926179	48.2767268
1400057261	16.3914310	48.2776974
1432225804	15.9635213	48.7072219
1432225807	15.9635996	48.7072795
1477502707	15.9710705	48.6903164
1477502708	15.9708094	48.6911210
1477516737	15.9549073	48.7464043
1477516738	15.9545541	48.7473479
1477516739	15.9540968	48.7482084
1477516740	15.9539689	48.7487434
1477516741	15.9540835	48.7494673
1477516742	15.9623220	48.7601538
1481057667	15.9631866	48.7607975
1481057668	15.9640049	48.7611788
1493333408	16.0723957	48.5176582
1493333458	16.0711064	48.5190808
1493752615	16.0801766	48.5119706
1493752689	16.0795167	48.5122152
1493752760	16.0778928	48.5128692
1493752828	16.0774255	48.5131030
1493752978	16.0766702	48.5135356
1493753011	16.0763548	48.5137400
1501300796	16.1927978	48.3887497
1501300842	16.1870829	48.3926764
1561701663	16.3603815	48.1808629
1646760167	15.9600091	48.6809917
1646760178	15.9594297	48.6805599
1654375877	16.3373976	48.3307719
1674716417	15.9538276	48.7443741
1674716469	15.9529865	48.7439038
1693325191	16.1751572	48.4130177
1697480495	16.1990773	48.3851269
1697667272	16.2101530	48.3827506
1697667273	16.2108300	48.3827067
1697667274	16.2113158	48.3826827
1697667275	16.2118136	48.3826257
1697667277	16.2134327	48.3823804
1697667458	16.2160261	48.3819953
1697667473	16.2214451	48.3811892
1697667485	16.2219080	48.3811209
1697668524	16.2087361	48.3829348
1700548242	16.3651793	48.1824490
1700548245	16.3647503	48.1822835
1710479167	16.0727830	48.5687850
1710479169	16.0733529	48.5701629
1710479174	16.0732150	48.5698985
1710479182	16.0727079	48.5684885
1710479406	16.0736104	48.5705884
1710479407	16.0740204	48.5711720
1710479411	16.0745328	48.5717795
1710479489	16.0726130	48.5680580
1710479490	16.0725655	48.5678179
1710479492	16.0725547	48.5677426
1710479494	16.0725253	48.5671039
1710479498	16.0724475	48.5651270
1710479530	16.0724312	48.5647670
1710479533	16.0724099	48.5643002
1710479534	16.0723919	48.5638451
1710479537	16.0723695	48.5633099
1710479577	16.0722988	48.5618174
1710479578	16.0721970	48.5611874
1710479579	16.0721434	48.5608624
1710519202	16.0720649	48.5596228
1710519208	16.0719259	48.5588965
1710519214	16.0716928	48.5581895
1710519215	16.0715423	48.5578444
1712548688	16.0750302	48.5722806
1712548705	16.0757237	48.5728731
1712548749	16.0789571	48.5752681
1712548765	16.0831202	48.5783731
1712548766	16.0836594	48.5788707
1712548767	16.0847686	48.5802622
1712548768	16.0849278	48.5805362
1712548773	16.0879541	48.5901212
1712548775	16.0881854	48.5910589
1712548778	16.0883624	48.5923014
1712548787	16.0883716	48.5939841
1712829364	16.0692915	48.5533503
1720816617	16.0731031	48.5696645
1729913023	16.0866571	48.6015627
1729916297	16.0868636	48.5998323
1729916299	16.0867013	48.6021625
1729916305	16.0869226	48.6031899
1729916309	16.0874253	48.6043959
1729916311	16.0875912	48.6046869
1729916315	16.0880091	48.6053208
1729919864	16.0893315	48.6067877
1729919872	16.0918046	48.6092838
1729919874	16.0923665	48.6101594
1729919876	16.0926973	48.6112036
1729930471	16.0879297	48.5963489
1731344425	15.9680222	48.6843038
1731344427	15.9695473	48.6856287
1747390738	16.2007914	48.3845569
1747390739	16.1999136	48.3848181
1747390740	16.1983764	48.3854448
1747390741	16.1937943	48.3881504
1747390742	16.1923613	48.3890169
1747390743	16.1884041	48.3914251
1747390744	16.1878804	48.3918362
1747390745	16.1873991	48.3922977
1747390746	16.1872150	48.3925101
1747390753	16.1866673	48.3933219
1747390754	16.1859967	48.3949599
1747390755	16.1863517	48.3940257
1747390756	16.1834653	48.4015806
1747390757	16.1830379	48.4025549
1747390758	16.1828052	48.4030106
1747390759	16.1823160	48.4038556
1747390760	16.1815178	48.4050333
1747390761	16.1789457	48.4086752
1747390762	16.1771981	48.4111132
1747390763	16.1768904	48.4114745
1747390764	16.1761816	48.4121903
1747390765	16.1764564	48.4119302
1747390766	16.1758404	48.4124863
1747390767	16.1748166	48.4132508
1747390769	16.1728836	48.4144230
1747390770	16.1740197	48.4137474
1747390772	16.1699277	48.4161859
1747390773	16.1693340	48.4165402
1747390774	16.1689381	48.4168008
1747390775	16.1686591	48.4170043
1747390776	16.1682048	48.4173962
1747390777	16.1679955	48.4176159
1747390778	16.1677992	48.4178506
1747390779	16.1674488	48.4183718
1747390780	16.1671940	48.4189489
1747390781	16.1671145	48.4192214
1747390782	16.1670367	48.4197587
1747390783	16.1670740	48.4204187
1747390784	16.1672517	48.4210629
1747390785	16.1673837	48.4213547
1747390786	16.1683340	48.4225779
1747390787	16.1696541	48.4236801
1747390788	16.1726498	48.4261300
1747390789	16.1733289	48.4267626
1747390790	16.1740604	48.4274727
1747390791	16.1741782	48.4275968
1747390792	16.1745614	48.4280639
1747390793	16.1748555	48.4285002
1747390794	16.1750910	48.4289210
1747390795	16.1752335	48.4292206
1747390796	16.1753219	48.4294448
1747390797	16.1755287	48.4300794
1747390798	16.1756560	48.4307070
1747390799	16.1757153	48.4317216
1747390800	16.1756977	48.4320243
1747390801	16.1756404	48.4324963
1747390802	16.1754339	48.4333947
1747578379	16.1729901	48.4436154
1747578380	16.1729272	48.4439090
1747578381	16.1728282	48.4446182
1747578382	16.1728801	48.4460517
1747578391	16.1733885	48.4510149
1747578392	16.1733946	48.4512944
1747578393	16.1733741	48.4519508
1747578394	16.1733014	48.4525229
1747578395	16.1731884	48.4530115
1747578396	16.1729794	48.4535581
1747578397	16.1728149	48.4539048
1747578398	16.1724366	48.4546231
1747578399	16.1720750	48.4552014
1747578400	16.1719040	48.4554242
1747578401	16.1713823	48.4560021
1747578402	16.1715534	48.4558244
1747578410	16.1591147	48.4685552
1747578430	16.1523942	48.4753115
1747578431	16.1519409	48.4756768
1747578432	16.1507895	48.4765120
1747578433	16.1498766	48.4770853
1747578434	16.1492488	48.4774474
1747578435	16.1487103	48.4777351
1747578436	16.1476982	48.4782278
1747578437	16.1456893	48.4790385
1747578438	16.1452980	48.4791769
1747578439	16.1437229	48.4797022
1747578448	16.1390709	48.4812791
1747578449	16.1380387	48.4817234
1747578450	16.1370376	48.4822486
1747578459	16.1361072	48.4828381
1747578460	16.1351633	48.4835781
1747578461	16.1348476	48.4838660
1747578462	16.1301566	48.4887510
1747578463	16.1299483	48.4889793
1747578471	16.1256392	48.4934565
1747578473	16.1249659	48.4941598
1747578487	16.1281025	48.4909116
1747578489	16.1293645	48.4896085
1748847898	16.1242938	48.4948380
1748847900	16.1239745	48.4951334
1748847907	16.1233350	48.4956602
1748847911	16.1225657	48.4961959
1748847913	16.1222278	48.4964038
1748847915	16.1215143	48.4968037
1748847919	16.1204645	48.4972945
1749058494	16.0696479	48.5206897
1749058505	16.0675752	48.5224919
1749058507	16.0670808	48.5227886
1749058509	16.0657488	48.5235621
1749058513	16.0653157	48.5238193
1749058514	16.0645989	48.5242930
1749058516	16.0639862	48.5248066
1749058520	16.0634549	48.5253929
1749058522	16.0632870	48.5256207
1749058525	16.0630069	48.5260872
1749058558	16.0626098	48.5272422
1749058602	16.0626505	48.5286296
1749058995	16.0693848	48.5535870
1749059004	16.0701406	48.5552277
1749059008	16.0698873	48.5547377
1749059149	16.0728493	48.5690120
1752686391	16.0734887	48.5704016
1752686406	16.0759762	48.5730678
1752686407	16.0824113	48.5778133
1752686408	16.0834290	48.5786475
1752686409	16.0846236	48.5800392
1752686410	16.0854975	48.5819315
1752686412	16.0883311	48.5919899
1752686413	16.0883363	48.5943526
1752686492	16.0867763	48.6001940
1752686493	16.0866546	48.6013246
1752686494	16.0866731	48.6018821
1752686495	16.0868206	48.6028201
1752686496	16.0870307	48.6035093
1752686497	16.0872987	48.6041424
1752686498	16.0878136	48.6050436
1752686499	16.0889087	48.6063667
1752686500	16.0916060	48.6090492
1752686501	16.0921955	48.6098405
1752686502	16.0924820	48.6104246
1752686503	16.0926476	48.6109617
1752686504	16.0927269	48.6114541
1752686505	16.0927343	48.6119649
1752686506	16.0926574	48.6125804
1752686508	16.0922668	48.6144358
1752780905	16.0915807	48.6171583
1752780908	16.0914836	48.6174216
1752780949	16.0908389	48.6185989
1752780951	16.0903212	48.6192327
1752780954	16.0897754	48.6197683
1752780958	16.0893442	48.6201461
1752780961	16.0885091	48.6207902
1752780963	16.0878819	48.6211863
1752780965	16.0867708	48.6218285
1752781141	16.0881703	48.6210109
1752781142	16.0887214	48.6206393
1752781143	16.0901554	48.6194068
1752781144	16.0904700	48.6190655
1754813765	16.0820901	48.6245246
1754813766	16.0816980	48.6247667
1754813767	16.0813981	48.6249690
1754813768	16.0809016	48.6253597
1754813779	16.0803792	48.6258683
1754813781	16.0801912	48.6260860
1754813785	16.0798594	48.6265507
1754813788	16.0794722	48.6273143
1754813790	16.0795840	48.6270486
1754813792	16.0793518	48.6276693
1754813815	16.0780121	48.6324261
1754813817	16.0778953	48.6327064
1754813819	16.0777589	48.6330093
1754813821	16.0773533	48.6337136
1754813822	16.0768666	48.6343926
1754813823	16.0766233	48.6346842
1754813824	16.0760407	48.6352950
1754813825	16.0753180	48.6359269
1754813826	16.0749149	48.6362347
1754813837	16.0740607	48.6368065
1754813839	16.0735826	48.6370843
1754813843	16.0725551	48.6376016
1754813845	16.0719823	48.6378494
1754813848	16.0708676	48.6382595
1754813850	16.0696975	48.6385966
1754813853	16.0609516	48.6405969
1754813883	16.0597989	48.6408625
1754813886	16.0565802	48.6415959
1754813888	16.0537365	48.6422859
1754813909	16.0508572	48.6429460
1754813931	16.0504668	48.6430354
1754814010	16.0592558	48.6409862
1754858146	16.0473107	48.6437528
1754858159	16.0464348	48.6440003
1754858161	16.0460786	48.6441349
1754858181	16.0454259	48.6444415
1754858185	16.0451251	48.6446203
1754858188	16.0444803	48.6450863
1754858190	16.0441905	48.6453414
1754858275	16.0344965	48.6551604
1754858278	16.0348191	48.6548170
1754858281	16.0341858	48.6555026
1754858400	16.0333119	48.6565317
1754858440	16.0260300	48.6659665
1754858444	16.0256157	48.6664246
1754858449	16.0249919	48.6670129
1754858450	16.0246788	48.6672740
1754858453	16.0238238	48.6678992
1754858507	16.0227611	48.6685344
1754858513	16.0219104	48.6689589
1754858517	16.0213219	48.6692136
1754858520	16.0203289	48.6695822
1754858522	16.0198210	48.6697462
1754858525	16.0186477	48.6700566
1754858527	16.0180769	48.6701798
1754858528	16.0175627	48.6702722
1754858529	16.0165205	48.6704211
1754858530	16.0157203	48.6704985
1754858533	16.0145416	48.6705527
1754858563	16.0068901	48.6706045
1754858567	16.0057666	48.6706553
1754858573	16.0050998	48.6707135
1754858585	16.0036222	48.6709267
1754858590	16.0025702	48.6711490
1754858596	16.0013696	48.6714779
1754858602	15.9949629	48.6733593
1754858603	15.9946447	48.6734275
1754858628	15.9936156	48.6735328
1754858631	15.9932616	48.6735293
1754858636	15.9925902	48.6734621
1754858644	15.9919821	48.6733325
1754858648	15.9913621	48.6731223
1754858651	15.9911085	48.6730069
1754858654	15.9909083	48.6729014
1754858659	15.9904249	48.6725892
1754858665	15.9885821	48.6709376
1754858668	15.9883189	48.6707086
1754858688	15.9881208	48.6705493
1754858767	15.9875787	48.6701906
1754858773	15.9871626	48.6699863
1754858778	15.9865951	48.6697858
1754858781	15.9863423	48.6697190
1754858785	15.9857267	48.6696073
1754858787	15.9854630	48.6695791
1754858790	15.9847971	48.6695637
1754858794	15.9841451	48.6696183
1754858797	15.9834968	48.6697434
1754858798	15.9832247	48.6698238
1754858801	15.9824251	48.6701286
1754858803	15.9818065	48.6704089
1754858813	15.9812669	48.6706518
1754858817	15.9777191	48.6722378
1754858822	15.9765703	48.6726340
1754858825	15.9760270	48.6727818
1754858830	15.9711890	48.6736984
1754858921	15.9710831	48.6737175
1754858946	15.9693184	48.6740378
1754858948	15.9683726	48.6742082
1754858951	15.9668318	48.6744890
1754858954	15.9654655	48.6747515
1755221860	15.9618042	48.6756611
1755221899	15.9602884	48.6762104
1755221901	15.9601824	48.6762686
1755221924	15.9597105	48.6765743
1755221927	15.9593043	48.6769302
1755221930	15.9588785	48.6774602
1755221933	15.9586845	48.6778374
1755221936	15.9585232	48.6784695
1755221939	15.9585322	48.6789773
1755221942	15.9588981	48.6799377
1755221944	15.9592371	48.6803696
1755221956	15.9595835	48.6806890
1755221958	15.9605396	48.6812776
1755222132	15.9659583	48.6831972
1755222142	15.9676895	48.6840896
1755222146	15.9683514	48.6845437
1755222149	15.9690069	48.6850864
1755222171	15.9700625	48.6862784
1755222177	15.9704836	48.6869784
1755222190	15.9707687	48.6876268
1755222196	15.9709660	48.6883531
1755222238	15.9710914	48.6901163
1755222244	15.9710063	48.6906004
1755222254	15.9703743	48.6918452
1755222338	15.9619363	48.6817949
1755222487	15.9669497	48.6972071
1755222512	15.9689717	48.6940368
1755222523	15.9706961	48.6913178
1755264627	15.9668472	48.6973826
1755875158	15.9647749	48.7007556
1755875159	15.9626137	48.7042159
1755875160	15.9625247	48.7044279
1755875161	15.9624017	48.7049267
1755875162	15.9624069	48.7054503
1755875163	15.9625473	48.7059894
1755875164	15.9626462	48.7062031
1755875165	15.9629571	48.7066761
1755875166	15.9631742	48.7069139
1755875174	15.9640757	48.7075619
1755875175	15.9645921	48.7077859
1755875176	15.9649433	48.7079027
1755875177	15.9652698	48.7079851
1755875178	15.9659670	48.7081001
1755875179	15.9680897	48.7082795
1755875180	15.9687414	48.7083809
1755875181	15.9694048	48.7085576
1755875182	15.9700200	48.7088142
1755875183	15.9702958	48.7089679
1755875184	15.9709620	48.7094899
1755875185	15.9711556	48.7097112
1755875186	15.9715952	48.7107265
1755875187	15.9716082	48.7109652
1755875188	15.9715445	48.7114132
1755875189	15.9713251	48.7119833
1755875191	15.9691236	48.7164014
1755875192	15.9687501	48.7168788
1755875195	15.9680255	48.7175492
1755875196	15.9635022	48.7210099
1755875197	15.9632241	48.7212674
1755875200	15.9486259	48.7370048
1755875201	15.9483857	48.7373192
1755875202	15.9482186	48.7375960
1755875206	15.9478082	48.7390807
1755875207	15.9480863	48.7404367
1755875208	15.9483235	48.7408759
1755875209	15.9486169	48.7412844
1755875210	15.9489577	48.7416537
1755875212	15.9499376	48.7424199
1755875213	15.9501698	48.7425547
1755875221	15.9513848	48.7431536
1755875222	15.9533543	48.7440897
1755875227	15.9542935	48.7447713
1755875228	15.9545551	48.7450917
1755875229	15.9547632	48.7454650
1755875230	15.9548829	48.7458464
1755875231	15.9549169	48.7462280
1755875232	15.9548806	48.7465604
1755875233	15.9548405	48.7467146
1755875234	15.9546754	48.7471206
1755875235	15.9543240	48.7477470
1755875236	15.9541776	48.7480217
1755875237	15.9540310	48.7484023
1755875238	15.9539708	48.7489543
1755875239	15.9540252	48.7492873
1755875240	15.9542814	48.7498529
1755875241	15.9547048	48.7504087
1755875242	15.9549626	48.7507498
1755875247	15.9621388	48.7599580
1755875249	15.9619498	48.7597381
1757523379	15.9596719	48.7568070
1757523426	15.9602787	48.7575939
1757523440	15.9601126	48.7573785
1757523505	15.9625746	48.7603801
1757523506	15.9627762	48.7605347
1757523508	15.9635486	48.7609837
1757523509	15.9638246	48.7611050
1758213898	15.9650865	48.7614833
1758213899	15.9656835	48.7615823
1758213900	15.9664218	48.7616391
1758213901	15.9667750	48.7616415
1758213902	15.9673152	48.7616167
1758213904	15.9680277	48.7615258
1758213905	15.9683479	48.7614632
1758213906	15.9689615	48.7613042
1758213908	15.9780958	48.7577386
1758213909	15.9796771	48.7571337
1758213910	15.9800669	48.7570040
1758213914	15.9809125	48.7567797
1758213915	15.9819497	48.7565927
1758213916	15.9831459	48.7564862
1758213917	15.9890012	48.7563444
1758213918	15.9892855	48.7563213
1758213919	15.9899935	48.7562174
1758213920	15.9943961	48.7546240
1758213921	15.9948040	48.7544806
1758213922	15.9956013	48.7542715
1758213923	15.9964745	48.7541451
1758213924	15.9968918	48.7541173
1758213925	15.9977347	48.7541319
1758213926	15.9981354	48.7541670
1758213928	15.9987833	48.7542710
1758213937	15.9996311	48.7544986
1758213938	15.9999881	48.7546289
1758213939	16.0006605	48.7549463
1758213940	16.0009351	48.7551091
1758213941	16.0014537	48.7554870
1758213942	16.0019363	48.7559658
1758213943	16.0020774	48.7561440
1758213946	16.0028492	48.7572857
1758213947	16.0038939	48.7588500
1758213948	15.9907704	48.7560225
1758214010	16.0098207	48.7676068
1758214011	16.0094533	48.7671256
1758214015	16.0105635	48.7685683
1758214016	16.0107611	48.7688365
1758214017	16.0110849	48.7693502
1758214018	16.0112348	48.7696300
1758214019	16.0114415	48.7700675
1758214020	16.0124026	48.7721176
1758214021	16.0126882	48.7725227
1758214022	16.0128634	48.7727045
1758214023	16.0133242	48.7730636
1758214024	16.0139052	48.7733854
1758214025	16.0141956	48.7735026
1765859607	16.3297558	48.3418122
1765859612	16.3292453	48.3425416
1765859700	16.3253987	48.3476883
1765859706	16.3247980	48.3482786
1773977425	16.3903249	48.1880989
1782532672	16.3932248	48.2762343
1819741170	16.4062385	48.2635114
1834036357	16.3951003	48.2747629
1834036365	16.3840370	48.2837146
1883279728	16.3974856	48.2728059
1918053792	16.3927127	48.2135890
1918053795	16.3927333	48.2139184
1918053797	16.3921458	48.2168138
1918053808	16.3922400	48.2184709
1918053812	16.3920246	48.2196494
1918092485	16.3881955	48.2305822
1918483228	16.3718828	48.1847544
1920097439	16.3867249	48.1943440
1920097447	16.3874627	48.1938914
1920106739	16.3840983	48.2048884
1920109128	16.3867074	48.2079162
1996625178	16.4018430	48.2580863
2009497761	16.3913043	48.2236317
2009497786	16.3911420	48.2241937
2009497810	16.3906231	48.2257851
2009497836	16.3899678	48.2277933
2009497859	16.3898315	48.2282035
2032796405	16.3985155	48.2534366
2032808936	16.3968687	48.2493426
2032808938	16.3966890	48.2489674
2032808939	16.3963865	48.2484486
2032825960	16.3975306	48.2509724
2032825966	16.4011638	48.2575305
2032825989	16.3986907	48.2538824
2032826003	16.3983594	48.2530349
2032826006	16.4014872	48.2577977
2046855881	16.4050743	48.2607722
2046855883	16.4039401	48.2597902
2046855885	16.4042813	48.2600664
2046855891	16.4033630	48.2593238
2046855893	16.4048485	48.2605529
2046868259	16.4062019	48.2627578
2046897482	16.4001746	48.2706276
2046928765	16.4051869	48.2659258
2046928767	16.4009651	48.2699964
2046928769	16.4055762	48.2652574
2046928771	16.4049148	48.2663905
2046928774	16.4037564	48.2677125
2046928776	16.4035725	48.2678631
2046928778	16.4042831	48.2672193
2046928790	16.4053103	48.2657213
2046928794	16.4059244	48.2646224
2046928805	16.4046545	48.2667881
2046928809	16.4047832	48.2666024
2046928811	16.4057488	48.2649561
2046928813	16.4040608	48.2674467
2046928817	16.4041945	48.2673148
2046928819	16.4011746	48.2698299
2046928823	16.4013835	48.2696623
2046928825	16.4040947	48.2674163
2046928829	16.3986724	48.2718163
2046928833	16.3990984	48.2714783
2046928838	16.4050381	48.2661838
2046944870	16.3997370	48.2709766
2049328969	16.3349284	48.3343658
2049328980	16.3346827	48.3347153
2049328989	16.3367165	48.3317682
2049331158	16.3432517	48.3222634
2049331160	16.3449719	48.3197662
2050896038	16.3326473	48.3376669
2050896040	16.3343618	48.3351893
2050896048	16.3341714	48.3354710
2050896050	16.3339475	48.3357975
2050896052	16.3344648	48.3350487
2050896475	16.3314478	48.3393318
2050897278	16.3310747	48.3398902
2050898934	16.3227057	48.3499577
2050899893	16.3232314	48.3495779
2050903483	16.3302080	48.3411448
2050904000	16.3089795	48.3596360
2050904075	16.3066207	48.3613011
2050904114	16.3074289	48.3607324
2051895870	16.4028794	48.2589197
2052390037	16.3052389	48.3622758
2052390274	16.3023760	48.3642962
2052390275	16.2991839	48.3665463
2052390276	16.2984633	48.3670341
2052390330	16.2948628	48.3689928
2052390332	16.2963448	48.3682767
2052390334	16.2946869	48.3690718
2052390337	16.2969753	48.3679314
2052390338	16.2977398	48.3674865
2052390339	16.2956879	48.3686066
2052390424	16.2944470	48.3691747
2052390425	16.2940207	48.3693554
2052392543	16.2931732	48.3696872
2052392561	16.2904702	48.3705573
2052392568	16.2870439	48.3713274
2052392578	16.2922801	48.3700010
2052392584	16.2913916	48.3702882
2052392602	16.2886076	48.3710231
2052392612	16.2878243	48.3711842
2052392613	16.2895360	48.3708047
2052393877	16.2570894	48.3758001
2052393894	16.2514553	48.3766508
2053938838	16.2347302	48.3792138
2053945977	16.2233121	48.3809072
2053946001	16.2222301	48.3810708
2055630996	16.0177035	48.7736836
2055630998	16.0173240	48.7737551
2055630999	16.0157544	48.7738315
2055631000	16.0166739	48.7738320
2055631001	16.0163573	48.7738494
2095258895	16.3229142	48.3498070
2095258907	16.3017140	48.3647623
2180137733	16.3889672	48.2096359
2180137739	16.3887024	48.2094204
2180137742	16.3892882	48.2098854
2180137745	16.3870837	48.2081859
2180137755	16.3877863	48.2086819
2180137768	16.3885026	48.2092582
2180137775	16.3874000	48.2084068
2180149712	16.3844828	48.2015378
2180149713	16.3858232	48.1965408
2180149725	16.3843439	48.2020575
2180149737	16.3849655	48.1997777
2180242249	16.3842573	48.2023786
2180242316	16.3840880	48.2030112
2180344839	16.3857045	48.1970259
2180344849	16.3870285	48.1941275
2180363341	16.3859684	48.2073660
2180368339	16.3843498	48.2020355
2211815207	16.3853541	48.2419762
2220123230	16.3867302	48.1870987
2220123231	16.3877027	48.1870976
2220123235	16.3907443	48.1884719
2220123237	16.3910077	48.1887778
2220123243	16.3915436	48.1900941
2220123247	16.3909819	48.1919123
2220123250	16.3907140	48.1922145
2220123254	16.3900423	48.1927499
2220123257	16.3895388	48.1930470
2220123265	16.3855766	48.1974899
2220123267	16.3854669	48.1979017
2220123276	16.3841664	48.2027163
2220123288	16.3839989	48.2033407
2220123292	16.3838573	48.2039298
2235580339	15.9645559	48.7613552
2327883888	16.3870420	48.2812770
2327883955	16.3845819	48.2832830
2349061540	16.0465327	48.8366610
2349061542	16.0464593	48.8372538
2375932977	16.3580001	48.1801204
2423106966	16.3876382	48.2085735
2436966666	16.3840989	48.2029729
2437071888	16.3896800	48.1929743
2437071907	16.3894128	48.1931110
2437071930	16.3891077	48.1932491
2437071942	16.3889380	48.1933165
2437077860	16.3873356	48.1939547
2437077861	16.3871335	48.1940649
2440411475	16.3545936	48.1795888
2440455919	16.4031264	48.2591246
2440455920	16.4032453	48.2592238
2440455927	16.4055996	48.2613940
2440455928	16.4057057	48.2615572
2488591878	16.3864868	48.2425122
2488605034	16.3974695	48.2508124
2491727679	16.3863782	48.1947317
2491749010	16.3910659	48.1888608
2491750416	16.3560402	48.1797367
2505283047	16.3677722	48.1834254
2505283050	16.3682413	48.1835764
2505283056	16.3711223	48.1844905
2505283057	16.3713782	48.1845768
2506214861	16.3885822	48.2093207
2506214866	16.3890344	48.2096906
2506214867	16.3896205	48.2101239
2506226135	16.3907301	48.2109143
2506226139	16.3912334	48.2112753
2506226143	16.3914363	48.2114221
2506226145	16.3915375	48.2114962
2506226147	16.3917276	48.2116405
2506226149	16.3917776	48.2116799
2506226154	16.3918232	48.2117166
2506226159	16.3918644	48.2117533
2506226163	16.3919065	48.2117942
2506226167	16.3919482	48.2118334
2506226169	16.3920286	48.2119192
2506226172	16.3920671	48.2119663
2506226176	16.3921915	48.2121489
2506226180	16.3922715	48.2123064
2506226183	16.3922982	48.2123755
2506226187	16.3923274	48.2124437
2511692613	16.3831162	48.2405903
2511692616	16.3833815	48.2408354
2511692617	16.3838623	48.2412053
2511692619	16.3841925	48.2414092
2511692621	16.3842855	48.2414611
2511692622	16.3846012	48.2416226
2564828529	16.3860466	48.1957515
2580615458	16.3626192	48.1815674
2580615459	16.3632390	48.1817669
2580639593	16.3915212	48.1907289
2580639596	16.3914526	48.1910223
2657802358	15.9610205	48.7585495
2719463785	16.3896340	48.1876480
2719463790	16.3899060	48.1878040
2833605846	16.3872637	48.1870797
2833605848	16.3869205	48.1870853
2833605851	16.3865639	48.1871155
2833605858	16.3881421	48.1871532
2833605864	16.3864040	48.1871376
2833605883	16.3885894	48.1872462
2833606203	16.3889903	48.1873677
2833606211	16.3893470	48.1875110
2833606254	16.3912154	48.1890967
2833606258	16.3913229	48.1892984
2833606260	16.3913554	48.1893670
2833606261	16.3913801	48.1894315
2833606263	16.3914188	48.1895259
2833606269	16.3915283	48.1899696
2833606271	16.3915370	48.1900379
2833606277	16.3915515	48.1901990
2833606279	16.3915539	48.1904362
2838506646	16.3619361	48.1813514
2931046623	16.3582172	48.1801823
2931046626	16.3583168	48.1802112
2931046649	16.3612011	48.1811172
2985783160	16.0209904	48.7732173
2985783161	16.0200655	48.7732277
2985783162	16.0219117	48.7733443
2985783163	16.0191602	48.7733667
2985783164	16.0227436	48.7736006
2985783165	16.0149002	48.7737084
2985783166	16.0151346	48.7737542
2985783167	16.0154625	48.7738026
2985783168	16.0233216	48.7738787
2985783169	16.0234828	48.7739780
2985783170	16.0236439	48.7740877
2985783171	16.0239364	48.7743185
2985783172	16.0241764	48.7745598
2985783173	16.0242967	48.7747049
2985783174	16.0244023	48.7748518
2985783175	16.0245512	48.7751185
2985783176	16.0246213	48.7752766
2985783177	16.0246738	48.7754347
2985783178	16.0250003	48.7767522
2985783183	16.0252448	48.7778050
2985783224	16.0277723	48.7876873
2985783225	16.0278041	48.7878149
2985783227	16.0287087	48.7913884
2985783228	16.0288415	48.7917273
2985783229	16.0289184	48.7918801
2985783230	16.0290056	48.7920260
2985783231	16.0292114	48.7922997
2985783232	16.0293247	48.7924207
2985784933	16.0294732	48.7925648
2985784934	16.0297637	48.7927982
2985784935	16.0299083	48.7928960
2985784936	16.0300919	48.7930110
2985784937	16.0302599	48.7931020
2985784938	16.0304553	48.7931981
2985784939	16.0308552	48.7933637
2985784940	16.0310479	48.7934272
2985784941	16.0312641	48.7934941
2985784942	16.0317031	48.7935953
2985784943	16.0319076	48.7936305
2985784944	16.0321616	48.7936683
2985784945	16.0330728	48.7937538
2985784952	16.0492480	48.7949692
2985784953	16.0500331	48.7950532
2985784954	16.0503014	48.7950935
2985784955	16.0506309	48.7951535
2985784956	16.0511971	48.7952880
2985784957	16.0514539	48.7953638
2985784958	16.0517196	48.7954483
2985784959	16.0521944	48.7956303
2985784960	16.0524169	48.7957267
2985784961	16.0526557	48.7958457
2985784962	16.0528752	48.7959607
2985784963	16.0530932	48.7960876
2985784964	16.0536724	48.7964869
2985784965	16.0541577	48.7969216
2985784966	16.0543025	48.7970819
2985784967	16.0543382	48.7971230
2985784968	16.0544145	48.7972107
2985784969	16.0547011	48.7976130
2985784970	16.0548101	48.7978028
2985784971	16.0549012	48.7979847
2985784972	16.0549833	48.7981824
2985784973	16.0550490	48.7983692
2985784974	16.0551445	48.7987626
2985784975	16.0551729	48.7989809
2985784976	16.0551848	48.7991766
2985784977	16.0551624	48.7995867
2985784978	16.0551341	48.7997696
2985784979	16.0550893	48.7999742
2985784980	16.0549609	48.8003371
2985784981	16.0548922	48.8004944
2985784982	16.0547847	48.8007039
2985784983	16.0545533	48.8010618
2985784984	16.0544218	48.8012372
2985784985	16.0542622	48.8014227
2985784986	16.0541099	48.8015810
2985784987	16.0539292	48.8017482
2985784988	16.0535470	48.8020619
2985784989	16.0533589	48.8021947
2985784990	16.0531126	48.8023540
2985784991	16.0526005	48.8026460
2985784992	16.0523304	48.8027907
2985784995	16.0447428	48.8066942
2985784996	16.0446400	48.8067472
2985784999	16.0408926	48.8086736
2985785000	16.0402153	48.8090710
2985785001	16.0400520	48.8091829
2985785002	16.0397714	48.8094179
2985785003	16.0396385	48.8095467
2985785004	16.0395235	48.8096736
2985785005	16.0393220	48.8099518
2985785006	16.0392339	48.8100934
2985785007	16.0391563	48.8102458
2985785008	16.0390503	48.8105496
2985785009	16.0390129	48.8106961
2985785010	16.0389876	48.8108357
2985785011	16.0389786	48.8110009
2985785012	16.0389741	48.8111435
2985785013	16.0390174	48.8114532
2985785014	16.0390547	48.8116174
2985785015	16.0391085	48.8117747
2985785016	16.0392384	48.8120499
2985785017	16.0393265	48.8122004
2985785018	16.0394235	48.8123459
2985785020	16.0402163	48.8133074
2985785021	16.0403246	48.8134365
2985785024	16.0425042	48.8160364
2985785026	16.0430932	48.8167532
2985785027	16.0432530	48.8169656
2985785028	16.0435635	48.8174571
2985785029	16.0436680	48.8176488
2985785030	16.0437725	48.8178513
2985785031	16.0439607	48.8182937
2985785032	16.0440383	48.8185276
2985785033	16.0441085	48.8187498
2985785034	16.0441607	48.8189848
2985785035	16.0442040	48.8192148
2985785036	16.0442563	48.8196807
2985785037	16.0442712	48.8199235
2985785038	16.0442682	48.8201555
2985785039	16.0442040	48.8207984
2985785040	16.0441524	48.8210658
2985785041	16.0440905	48.8213135
2985785042	16.0439995	48.8216025
2985785043	16.0438009	48.8220881
2985785044	16.0436307	48.8224311
2985785045	16.0424944	48.8245432
2985785046	16.0417505	48.8259315
2985785047	16.0416423	48.8261771
2985785048	16.0415534	48.8264945
2985785049	16.0415176	48.8268474
2985785050	16.0415445	48.8271599
2985785051	16.0416293	48.8274587
2985785052	16.0417681	48.8277674
2985785053	16.0419553	48.8280527
2985785054	16.0421812	48.8283140
2985785055	16.0424599	48.8285608
2985785056	16.0426046	48.8286720
2985785059	16.0429709	48.8289034
2985785060	16.0431419	48.8289930
2985785061	16.0433077	48.8290716
2985785062	16.0435093	48.8291570
2985785063	16.0439020	48.8292940
2985785064	16.0441068	48.8293509
2985785065	16.0442810	48.8293947
2985785066	16.0447126	48.8294764
2985785067	16.0449810	48.8295166
2985785068	16.0461717	48.8296734
2985785069	16.0468440	48.8297722
2985785070	16.0470594	48.8298111
2985785071	16.0473022	48.8298618
2985785072	16.0477139	48.8299751
2985785073	16.0479134	48.8300432
2985785074	16.0481277	48.8301273
2985785075	16.0484803	48.8302920
2985785076	16.0486566	48.8303934
2985785077	16.0488276	48.8304991
2985785078	16.0491454	48.8307326
2985785079	16.0492732	48.8308500
2985785080	16.0494125	48.8309842
2985785081	16.0496321	48.8312524
2985785082	16.0497250	48.8313963
2985785083	16.0498031	48.8315325
2985785084	16.0499277	48.8318292
2985785085	16.0499741	48.8319869
2985785086	16.0500026	48.8321336
2985785087	16.0500216	48.8322892
2985785088	16.0500216	48.8324373
2985785089	16.0499910	48.8327507
2985785090	16.0499530	48.8329022
2985785091	16.0498981	48.8330689
2985785092	16.0497683	48.8333504
2985785093	16.0495814	48.8336290
2985785094	16.0494727	48.8337604
2985785095	16.0493513	48.8338917
2985785096	16.0490736	48.8341433
2985785097	16.0489361	48.8342580
2985785098	16.0485025	48.8345922
2985785099	16.0479507	48.8350152
2985785102	16.0471225	48.8356998
2985785104	16.0468892	48.8359646
2985785105	16.0467984	48.8361001
2985785106	16.0467118	48.8362328
2985785107	16.0465777	48.8365242
2985785108	16.0464956	48.8368148
2985785109	16.0464603	48.8371339
2985785110	16.0464721	48.8374149
2985785111	16.0465461	48.8377370
2985785112	16.0466048	48.8378998
2985785113	16.0468269	48.8383027
2985785114	16.0469271	48.8384328
2985785115	16.0470481	48.8385766
2985785116	16.0473189	48.8388482
2985785117	16.0480249	48.8393562
2985785118	16.0483454	48.8395802
2985785119	16.0487688	48.8398993
2985785120	16.0488961	48.8400092
2985785122	16.0489999	48.8401090
2985785123	16.0490433	48.8401524
2985785124	16.0492497	48.8403965
2985785125	16.0493499	48.8405415
2985785126	16.0495007	48.8408267
2985785127	16.0496126	48.8411464
2985785128	16.0496415	48.8413003
2985785129	16.0496623	48.8416045
2985785130	16.0496298	48.8419081
2985785131	16.0495964	48.8420638
2985785132	16.0495467	48.8422129
2985785233	16.0493478	48.8426916
2985785234	16.0487375	48.8440731
2985785235	16.0486770	48.8442395
2985785236	16.0486030	48.8445443
2985785237	16.0485859	48.8446946
2985785238	16.0485813	48.8448485
2985785239	16.0486157	48.8451527
2985785240	16.0486545	48.8453166
2985785241	16.0486996	48.8454616
2985785242	16.0488359	48.8457480
2985785243	16.0489289	48.8458935
2985785244	16.0490219	48.8460284
2985785245	16.0492666	48.8463005
2985785246	16.0494146	48.8464395
2985785247	16.0495943	48.8465809
2988885033	15.9707265	48.6875138
2988885034	15.9708232	48.6877912
2988885035	15.9709234	48.6881545
3070567741	16.3339387	48.1746684
3106213135	16.2502649	48.3768325
3219266784	15.9711582	48.7123229
3219266785	15.9498939	48.7356186
3219266786	15.9544973	48.7501519
3219266787	15.9955931	48.6731884
3219266788	16.0264220	48.6654779
3219266789	16.0439614	48.6455636
3219266790	16.0908772	48.6083034
3219266791	16.1713034	48.4560829
3296495387	16.3245306	48.3485200
3296525629	16.3862140	48.2819530
3300006865	16.3873133	48.2313580
3353027288	16.3902604	48.1926036
3379808339	16.3788076	48.1873490
3379808358	16.3793253	48.1875036
3379808373	16.3797970	48.1876284
3379808381	16.3807101	48.1878487
3379808385	16.3829323	48.1879950
3379808387	16.3825834	48.1880156
3394603259	16.2473530	48.3773065
3394603263	16.2302975	48.3798779
3394643723	16.2068436	48.3832698
3395076848	16.3272305	48.3454845
3396773132	16.3081523	48.3602206
3396773136	16.3077254	48.3605236
3396805681	16.2649563	48.3746553
3397574998	16.3501675	48.3121930
3397575002	16.3528554	48.3090792
3397575007	16.3525049	48.3094075
3397575009	16.3520982	48.3098038
3397575010	16.3505122	48.3117083
3397575013	16.3537537	48.3082983
3398123355	16.1747599	48.4283514
3398750620	16.0755260	48.5143585
3398750621	16.0749796	48.5148456
3398770656	16.0723523	48.5628977
3398797383	16.0721724	48.5610591
3403759032	15.9607928	48.6813844
3403777376	15.9662537	48.6983696
3405116002	16.0067211	48.7630991
3405116011	16.0091604	48.7667408
3405116013	15.9633842	48.7609041
3405150300	15.9571550	48.7535689
3405908702	16.0259359	48.7805739
3406275268	16.0590172	48.8526947
3413110960	16.0922017	48.6147379
3413110962	16.0921477	48.6149800
3413110963	16.0921169	48.6151125
3413110978	16.0883332	48.6209071
3413110982	16.0603618	48.6407349
3413112099	16.0563538	48.6416504
3413112100	16.0556880	48.6418177
3413112102	16.0547381	48.6420556
3413112112	15.9662633	48.6833276
3413112114	15.9701845	48.6864580
3413112117	15.9710542	48.6891328
3413112118	15.9710929	48.6899672
3413112137	15.9543917	48.7500114
3413112168	16.0073573	48.7640531
3413112173	16.0074389	48.7641773
3417548504	16.1735389	48.4269596
3417548511	16.1757155	48.4315468
3417548539	16.0725413	48.5675501
3417548543	16.0752045	48.5724387
3491224579	16.3922121	48.2180460
3502937597	16.3921871	48.2189044
3503148613	16.3915956	48.2216467
3754496525	16.3768347	48.1866146
3855527428	16.2004770	48.3846427
3855536811	16.2120791	48.3825858
3855536814	16.2089430	48.3829048
3855536816	16.2078622	48.3830770
3855536818	16.2045926	48.3837406
3856759648	16.2327935	48.3795040
3856759650	16.2290049	48.3800676
3856759652	16.2250832	48.3806429
3856767565	16.2207272	48.3812908
3856767571	16.2165968	48.3819103
3856767572	16.2157960	48.3820283
3856767575	16.2142106	48.3822656
3856791865	16.2422734	48.3780730
3856791866	16.2422306	48.3780794
3856791869	16.2372928	48.3788243
3856791870	16.2370847	48.3788552
3857396481	16.2804090	48.3723362
3857396484	16.2626430	48.3749849
3857396487	16.2602074	48.3753366
3857427330	16.3194627	48.3522446
3857427332	16.3193910	48.3522952
3857427333	16.3193349	48.3523348
3857427334	16.3114044	48.3579272
3857427336	16.3097531	48.3590917
3857427338	16.3096660	48.3591531
3857427340	16.3040520	48.3631134
3857427342	16.2928827	48.3697893
3857427344	16.2923512	48.3699760
3857461360	16.3279119	48.3444901
3857461370	16.3252290	48.3478592
3857461378	16.3222816	48.3502568
3857461380	16.3218777	48.3505416
3857461384	16.3211814	48.3510326
3860958294	16.3383232	48.3294267
3860958296	16.3327869	48.3374662
3860958298	16.3321889	48.3382962
3860958300	16.3320678	48.3384624
3860958301	16.3315986	48.3391204
3860958304	16.3300103	48.3414366
3860958306	16.3292053	48.3426012
3860976727	16.3749571	48.2910769
3860976729	16.3672884	48.2973234
3860976731	16.3669929	48.2975642
3860976733	16.3636873	48.3002581
3860976735	16.3587544	48.3042746
3860976737	16.3578759	48.3049896
3860976739	16.3500977	48.3122947
3860976741	16.3479891	48.3153680
3860976743	16.3465646	48.3174430
3861015660	16.3896911	48.2791163
3861015669	16.3875674	48.2808487
3861015673	16.3845201	48.2833329
3861015675	16.3823528	48.2850461
3861015677	16.3799079	48.2870470
3861015679	16.3797443	48.2871801
3861019396	16.3927966	48.2765818
3861019398	16.3912970	48.2778062
3863689592	16.3999554	48.2708024
3863689599	16.3978186	48.2725352
3863689600	16.3977761	48.2725697
3863689601	16.3976885	48.2726409
3863689603	16.3970071	48.2732050
3863689609	16.3949250	48.2749038
3863689615	16.3939437	48.2756738
3863689616	16.3939039	48.2757048
3863696251	16.4056419	48.2651425
3863825973	16.4004525	48.2568654
3863825988	16.4036961	48.2595930
3863860423	16.3982373	48.2527399
3863860425	16.3985983	48.2536471
3863860428	16.3989434	48.2544938
3863860431	16.3996034	48.2557689
3863860432	16.4001650	48.2565369
3863909543	16.3953252	48.2471803
3863909545	16.3967797	48.2491550
3863909547	16.3969055	48.2494303
3863909549	16.3974141	48.2506817
3863909551	16.3977057	48.2514117
3863919280	16.3873345	48.2429121
3863919281	16.3873695	48.2429286
3863919284	16.3892030	48.2437935
3863919286	16.3941262	48.2462161
3863942420	16.3855179	48.2329388
3863942422	16.3848774	48.2334936
3863942424	16.3842208	48.2340559
3863942426	16.3826323	48.2356850
3863942428	16.3824773	48.2359327
3863942430	16.3820249	48.2383551
3865514703	16.3376999	48.1754450
3865514707	16.3401340	48.1759661
3865514709	16.3413581	48.1762639
3867282873	16.3908955	48.2249401
3867282875	16.3904742	48.2262437
3867282876	16.3901231	48.2273261
3867282880	16.3887206	48.2300332
3867282883	16.3875450	48.2311511
3867325557	16.3910000	48.2111079
3867325559	16.3926864	48.2134918
3867325560	16.3927112	48.2140798
3867325563	16.3926676	48.2142439
3867325564	16.3923366	48.2153692
3867325566	16.3923265	48.2154020
3867348561	16.3868250	48.2079996
3867380635	16.3843390	48.2020771
3867380636	16.3841305	48.2049437
3867393471	16.3861984	48.1951037
3867393472	16.3861924	48.1951274
3867393475	16.3857474	48.1968423
3867393477	16.3850624	48.1994159
3868121931	16.3873836	48.1870830
3868121933	16.3889441	48.1873524
3868121936	16.3808168	48.1878711
3868121939	16.3812899	48.1879532
3868121941	16.3817629	48.1880025
3868121942	16.3818455	48.1880067
3868121943	16.3818587	48.1880073
3868121944	16.3820061	48.1880158
3868121945	16.3820554	48.1880171
3868121953	16.3903310	48.1925462
3868121955	16.3903097	48.1925635
3868141597	16.3692546	48.1838987
3868141598	16.3692900	48.1839099
3868141601	16.3738224	48.1854808
3868141603	16.3774689	48.1868589
3868141605	16.3784398	48.1872249
3869299657	16.3574456	48.1799833
3869299660	16.3629146	48.1816625
3869299661	16.3635113	48.1818538
3869299662	16.3635589	48.1818694
3869299665	16.3659623	48.1827549
3869299667	16.3669665	48.1831487
3869315857	16.3489556	48.1788327
3869315860	16.3516402	48.1793004
3869315864	16.3535295	48.1794849
3869315866	16.3559158	48.1797227
3869368857	16.3354346	48.1749770
3869368860	16.3364601	48.1751886
3869368863	16.3387938	48.1756747
3869368864	16.3408414	48.1761382
3869368865	16.3408815	48.1761479
3869368869	16.3414552	48.1762881
3869368873	16.3454302	48.1776284
4115119833	16.3446397	48.1772826
4115119834	16.3446884	48.1773024
4115119837	16.3450843	48.1774723
4115119839	16.3469850	48.1782996
4118778327	16.3666704	48.1830363
4267773193	16.3755323	48.1861292
4296244692	16.3843863	48.1877181
4296244694	16.3842774	48.1877501
4296244696	16.3840023	48.1878225
4296244699	16.3838370	48.1878613
4296244700	16.3809008	48.1878887
4296244702	16.3810929	48.1879233
4296244705	16.3822061	48.1880208
4585312407	15.9481300	48.7405274
4585312409	15.9478180	48.7388969
4585328338	15.9545848	48.7502618
4585328339	15.9544768	48.7501247
4585328340	15.9545211	48.7501825
4585328341	15.9544164	48.7475867
4585328342	15.9545213	48.7474048
4585328343	15.9548967	48.7459428
4585328345	15.9548166	48.7456126
4585328346	15.9543158	48.7447966
4585328347	15.9527936	48.7438134
4585328348	15.9506711	48.7428145
4585344445	15.9602337	48.7575356
4585344446	15.9597029	48.7568471
4585344449	15.9590991	48.7560701
4585344458	15.9573103	48.7537687
4585344468	15.9554892	48.7514270
4585355020	15.9698782	48.7609687
4585355021	15.9695146	48.7611115
4585355022	15.9679597	48.7615360
4585355023	15.9663025	48.7616324
4585355026	15.9643636	48.7612982
4585355027	15.9630226	48.7606972
4585355028	15.9616729	48.7593798
4585355030	15.9613748	48.7589953
4585355031	15.9613285	48.7589370
4585355033	15.9606405	48.7580605
4585387663	16.0145399	48.7736189
4585387664	16.0146446	48.7736477
4585387665	16.0121239	48.7715546
4585387666	16.0120775	48.7714535
4585387667	16.0120962	48.7714942
4585387668	16.0069856	48.7634875
4585387669	16.0060051	48.7620242
4585387670	16.0061855	48.7622950
4585387671	16.0039199	48.7588895
4585387672	16.0028234	48.7572460
4585387673	15.9988744	48.7542924
4585387674	15.9966375	48.7541342
4585387675	15.9963476	48.7541601
4585387676	15.9936964	48.7548990
4585387677	15.9934394	48.7550001
4585387678	15.9935292	48.7549648
4585387679	15.9883806	48.7563697
4585387680	15.9884715	48.7563679
4585387682	15.9802134	48.7569620
4585387683	15.9799267	48.7570507
4585387684	15.9763191	48.7584393
4585387685	15.9761962	48.7584876
4585387686	15.9748197	48.7590281
4585387687	15.9725419	48.7599227
4585387688	15.9726344	48.7598863
4585387689	15.9726909	48.7598641
4587458937	15.9649792	48.7004123
4587458938	15.9650816	48.7002514
4587458939	15.9655159	48.6995686
4587458940	15.9655326	48.6995425
4587458941	15.9655918	48.6994494
4587458942	15.9657317	48.6992293
4587458943	15.9657930	48.6991288
4587458944	15.9665681	48.6978259
4587489445	15.9498004	48.7357191
4587489446	15.9556985	48.7293614
4587489447	15.9570345	48.7279203
4587489448	15.9628184	48.7216705
4587489449	15.9685042	48.7171321
4587489450	15.9711105	48.7124200
4587489451	15.9711941	48.7122500
4587489452	15.9711352	48.7123697
4587489454	15.9632358	48.7031766
4587489455	15.9634146	48.7028962
4587489456	15.9640295	48.7019279
4587489457	15.9639933	48.7019849
4587489459	15.9645495	48.7011101
4587504601	15.9701112	48.6922542
4587504607	15.9674622	48.6964226
4587504611	15.9668860	48.6973162
4587527537	15.9601564	48.6762842
4587527538	15.9610994	48.6815004
4587527539	15.9610682	48.6814894
4587527543	15.9611394	48.6815145
4587527544	15.9616650	48.6816994
4587527547	15.9635567	48.6823489
4587527549	15.9642799	48.6825988
4587527550	15.9706569	48.6873451
4587527552	15.9705356	48.6870863
4587527553	15.9705701	48.6871579
4587534642	15.9686770	48.6741534
4587534643	15.9689163	48.6741103
4587534645	15.9615405	48.6757351
4587534646	15.9614807	48.6757519
4587534647	15.9614310	48.6757659
4587534648	15.9603358	48.6761856
4587542805	15.9821548	48.6702511
4587542806	15.9821960	48.6702324
4587542808	15.9745040	48.6730919
4587542809	15.9710454	48.6737243
4616091443	16.0553782	48.8503476
4616091444	16.0557180	48.8505672
4616099219	16.0260558	48.7810552
4616099220	16.0265235	48.7827759
4688044857	16.0099213	48.7677370
4705422597	16.2565798	48.3758754
4831599476	16.4031571	48.2682046
4838993297	16.3828386	48.2354061
4844504578	16.3821821	48.2365675
4844504579	16.3822935	48.2362912
4844504582	16.3824132	48.2360444
4844504585	16.3826467	48.2356666
4844504589	16.3835020	48.2346964
4845964264	16.3852167	48.2064478
4848198585	16.3830100	48.2404795
4848198589	16.3828923	48.2403487
4848198616	16.3847905	48.2417103
4848198825	16.3836617	48.2410557
4851794456	16.3952928	48.2471499
4851943354	16.3934456	48.2457927
4855440701	16.3838826	48.2043702
4855440702	16.3839595	48.2046199
4855440703	16.3839136	48.2044900
4855440712	16.3839736	48.2046547
4855440713	16.3839972	48.2047039
4855440714	16.3840270	48.2047607
4855440715	16.3841871	48.2050337
4855440716	16.3842856	48.2051728
4858326839	16.3823046	48.2394146
4858326841	16.3821282	48.2388459
4867858678	16.3989896	48.2546086
4867893524	16.3992589	48.2552026
4867893526	16.3993251	48.2553241
4867893530	16.3990969	48.2548653
4867893546	16.3980494	48.2522756
4868448448	16.3979548	48.2520378
4868458866	16.3942349	48.2462895
4868458867	16.3944861	48.2464702
4878061350	16.3970682	48.2731527
4880497417	16.3810705	48.2860869
4894189462	16.3838625	48.2042639
4895990822	16.3570104	48.1798883
4895990824	16.3577234	48.1800491
4906535686	16.3586406	48.1803034
4906535698	16.3596024	48.1806096
4907586331	16.0793358	48.5755472
4907586333	16.0781154	48.5746468
4907586334	16.0767683	48.5736525
4907586335	16.0749416	48.5721948
4907586336	16.0748790	48.5721343
4907586337	16.0747069	48.5719603
4907586338	16.0725748	48.5678650
4907586342	16.0724903	48.5662210
4907586346	16.0724642	48.5655623
4907586349	16.0724569	48.5653735
4907586355	16.0723854	48.5636898
4907586357	16.0721193	48.5603381
4907586358	16.0721235	48.5604406
4907586359	16.0713911	48.5575400
4907586360	16.0711471	48.5570772
4907586362	16.0708879	48.5565957
4907586363	16.0683988	48.5501797
4907586364	16.0684914	48.5505199
4907586365	16.0681194	48.5491336
4907586366	16.0680496	48.5488764
4907586368	16.0676314	48.5473199
4907586369	16.0673658	48.5463221
4907596607	16.0872321	48.6039987
4907596608	16.0872120	48.6039551
4907596610	16.0866802	48.6008769
4907596611	16.0866600	48.6016201
4907596612	16.0876374	48.5972982
4907596613	16.0875847	48.5974678
4907596614	16.0882106	48.5951964
4907596615	16.0882508	48.5949651
4907596616	16.0882316	48.5950758
4907596617	16.0869924	48.5869150
4907596618	16.0870578	48.5871332
4907596619	16.0870273	48.5870316
4907603421	16.0865953	48.5855914
4907603422	16.0864795	48.5852052
4907603423	16.0864148	48.5849896
4907603424	16.0861365	48.5840618
4907603425	16.0852937	48.5813389
4907603427	16.0790259	48.5753188
4955610650	16.0381343	48.6514569
4955610651	16.0378141	48.6517814
4955610652	16.0428504	48.6466822
4955610653	16.0427385	48.6467980
4955610654	16.0427172	48.6468193
4955610655	16.0439926	48.6455334
4955610656	16.0447549	48.6448727
4955610658	16.0446900	48.6449232
4955610659	16.0472654	48.6437645
4955610660	16.0479384	48.6436076
4955610661	16.0479973	48.6435939
4955610662	16.0484684	48.6434849
4955610664	16.0498365	48.6431757
4955610665	16.0516351	48.6427677
4955610666	16.0584493	48.6411700
4955610668	16.0599396	48.6408306
4955610669	16.0608712	48.6406157
4955610670	16.0638190	48.6399444
4955610671	16.0635776	48.6399993
4955610673	16.0740258	48.6368268
4955610674	16.0742520	48.6366842
4955610675	16.0741880	48.6367251
4955610676	16.0780813	48.6322266
4955610677	16.0781038	48.6321616
4955610678	16.0788800	48.6293794
4955610679	16.0839362	48.6234600
4955610681	16.0842085	48.6233032
4955610682	16.0851150	48.6227815
4955610684	16.0866123	48.6219197
4955610686	16.0892804	48.6201983
4955610690	16.0917732	48.6164688
4955610693	16.0922864	48.6143441
4955610694	16.0924939	48.6133839
4955610695	16.0927004	48.6122898
4955610696	16.0927104	48.6122216
4955610697	16.0926775	48.6111072
4955610698	16.0927038	48.6112586
4955610700	16.0908305	48.6082573
4955610701	16.0901967	48.6076322
4955610702	16.0899251	48.6073665
4955641168	15.9955354	48.6732039
4955641169	15.9954636	48.6732232
4955641170	15.9957082	48.6731546
4955641171	16.0044792	48.6707902
4955641172	16.0049094	48.6707363
4955641173	16.0047921	48.6707503
4955641174	16.0086037	48.6705913
4955641175	16.0089120	48.6705893
4955641176	16.0138996	48.6705569
4955641177	16.0144683	48.6705532
4955641179	16.0231044	48.6683439
4955641180	16.0264611	48.6654272
4955641181	16.0279444	48.6635008
4955641182	16.0279857	48.6634471
4955641183	16.0286555	48.6625761
4955641184	16.0285658	48.6626926
4955641186	16.0322900	48.6578502
4955641187	16.0326202	48.6574198
4955641188	16.0331428	48.6567472
4955641189	16.0337436	48.6560100
4955641190	16.0339175	48.6558086
4955641191	16.0358708	48.6537478
4955641192	16.0371413	48.6524624
4955641193	16.0371808	48.6524224
4959800274	16.1732902	48.4525805
4959800275	16.1729704	48.4469181
4959800276	16.1728480	48.4457206
4959800278	16.1740605	48.4391508
4959800279	16.1745768	48.4369972
4959800280	16.1745449	48.4371304
4959800282	16.1752060	48.4343680
4959800283	16.1754193	48.4334569
4959800284	16.1753930	48.4335692
4959800288	16.1754410	48.4297946
4959800289	16.1747763	48.4283770
4959800292	16.1741051	48.4275198
4959800294	16.1729850	48.4264345
4959800295	16.1730576	48.4265004
4959800297	16.1681876	48.4224332
4959800298	16.1675216	48.4216013
4959800300	16.1699722	48.4161594
4959800301	16.1724101	48.4147054
4959800302	16.1723491	48.4147418
4959800303	16.1776713	48.4104920
4959800305	16.1804674	48.4065216
4959800306	16.1822321	48.4039850
4959800307	16.1821766	48.4040704
4959800308	16.1850874	48.3973354
4959800309	16.1854216	48.3964622
4959800310	16.1856238	48.3959340
4959800311	16.1855961	48.3960049
4959800312	16.1855923	48.3960163
4959800313	16.1862901	48.3941878
4959800314	16.1870583	48.3927101
4959800315	16.1908267	48.3899334
4959800316	16.1906383	48.3900476
4959800317	16.1933409	48.3884229
4959800318	16.1933040	48.3884451
4959800319	16.1973996	48.3859846
4959800320	16.1974503	48.3859534
4959801321	16.2005300	48.3846282
4959821847	16.1661187	48.4613885
4959821848	16.1660808	48.4614273
4959821849	16.1660479	48.4614609
4959821850	16.1653388	48.4621868
4959821851	16.1672092	48.4602723
4959821852	16.1689523	48.4584886
4959821853	16.1688881	48.4585542
4959821854	16.1705676	48.4568366
4959821855	16.1706494	48.4567528
4959821856	16.1706150	48.4567880
4959821857	16.1712693	48.4561178
4959821858	16.1713562	48.4560289
4959821859	16.1727070	48.4541151
4959864802	16.0663130	48.5423851
4959864803	16.0661613	48.5418175
4959864805	16.0635947	48.5322338
4959864806	16.0635750	48.5321600
4959864807	16.0628884	48.5295895
4959864808	16.0625704	48.5275778
4959864809	16.0627124	48.5268068
4959864810	16.0664710	48.5231413
4959864812	16.0718146	48.5182994
4959864813	16.0715989	48.5185374
4959864815	16.0720292	48.5180626
4959864817	16.0784409	48.5126258
4959864818	16.0790928	48.5123702
4959864819	16.0796820	48.5121588
4959864820	16.0824340	48.5111494
4959865021	16.0822985	48.5111986
4959865022	16.0882807	48.5090239
4959865023	16.0880388	48.5091119
4959865024	16.0878387	48.5091846
4959865025	16.0863293	48.5097335
4959865026	16.0922695	48.5075734
4959865027	16.0923504	48.5075440
4959865028	16.0924369	48.5075126
4959865029	16.0955994	48.5063625
4959865030	16.0959665	48.5062288
4959865031	16.0989596	48.5051403
4959865032	16.0997129	48.5048683
4959865033	16.1046610	48.5030656
4959865034	16.1042596	48.5032113
4959865035	16.1070682	48.5021897
4959865036	16.1072942	48.5021073
4959865037	16.1087393	48.5015810
4959865038	16.1118865	48.5004389
4959865039	16.1122015	48.5003246
4959865040	16.1203671	48.4973331
4959865041	16.1237140	48.4953553
4959865042	16.1237759	48.4953026
4959865043	16.1237399	48.4953332
4959865044	16.1245753	48.4945588
4959865047	16.1254828	48.4936199
4959865049	16.1302991	48.4885990
4959865050	16.1302572	48.4886437
4959865051	16.1316823	48.4871274
4959865052	16.1329690	48.4857957
4959865054	16.1365142	48.4825664
4959865055	16.1367539	48.4824180
4959865056	16.1418070	48.4803433
4959865057	16.1436579	48.4797240
4959865058	16.1439941	48.4796123
4959865059	16.1516955	48.4758613
4959865060	16.1516460	48.4758985
4959865061	16.1515540	48.4759676
4959865062	16.1512969	48.4761556
4959865063	16.1535378	48.4742578
4959865064	16.1541758	48.4736081
4959865065	16.1560159	48.4717265
4959865066	16.1582008	48.4694917
4959865067	16.1582882	48.4694023
4959865068	16.1591820	48.4684864
4959865069	16.1606377	48.4669985
4959865070	16.1607469	48.4668869
4959865071	16.1608165	48.4668158
4959865072	16.1604381	48.4672025
4959865074	16.1608592	48.4667721
4959865076	16.1653032	48.4622233
4988062974	16.2373566	48.3788149
5001638876	16.3299760	48.3414860
5001638879	16.3299016	48.3415913
5031014912	16.3863432	48.1947810
5041746848	16.4039481	48.2675477
5058950211	16.4030886	48.2682609
5058950213	16.4044327	48.2670435
5058950215	16.4060170	48.2621468
5058950216	16.4059486	48.2619944
5058950217	16.4061486	48.2625356
5058950219	16.4062181	48.2628714
5058950521	16.4062326	48.2629929
5058950522	16.4062444	48.2631170
5058950524	16.4062445	48.2634314
5058950527	16.4062044	48.2637564
5058950528	16.4060943	48.2642121
5058950530	16.4061381	48.2640648
5058950532	16.4060455	48.2643455
5058950535	16.4058314	48.2648072
5126146826	16.2512707	48.3766774
5126146827	16.2511057	48.3767008
5214280778	16.1717984	48.4254157
5264529945	16.3590331	48.1804284
5378006992	16.3868731	48.1942304
5378006993	16.3880236	48.1936544
5378006994	16.3877050	48.1937817
5378062509	16.3862350	48.1871660
5378062510	16.3859961	48.1872160
5378062511	16.3859170	48.1872356
5378062512	16.3857045	48.1872927
5378062513	16.3856040	48.1873209
5378062515	16.3824685	48.1880193
5378063928	16.3797700	48.1876216
5380327437	16.3858072	48.2072144
5380327445	16.3860206	48.2074097
5380327446	16.3865441	48.2078000
5380327447	16.3861452	48.2075074
5380327448	16.3859346	48.2073362
5380327449	16.3857185	48.2071188
5380327450	16.3856765	48.2070692
5380327452	16.3841189	48.2049252
5380327456	16.3838466	48.2040461
5380327457	16.3838499	48.2041507
5380327459	16.3838591	48.2039074
5555217942	16.2200404	48.3813931
5555217944	16.2200134	48.3813971
5555217946	16.2251653	48.3806309
5555217949	16.2251970	48.3806262
5593014831	16.4034979	48.2594328
5680615424	16.3459851	48.1778786
5690566671	16.3838699	48.2043033
5690704060	16.3381951	48.3296129
5690704062	16.3451779	48.3194730
5750115025	16.3203265	48.3516355
5776222419	16.2129682	48.3824512
5776222420	16.2154842	48.3820748
5817206956	16.2359573	48.3790270
5817206958	16.2740212	48.3732949
5817206960	16.2597058	48.3754112
5817206962	16.2971960	48.3678030
5817206964	16.2530214	48.3764143
5817206966	16.2598303	48.3753927
5817206968	16.2771684	48.3728225
5817206970	16.2824535	48.3720294
5823026198	16.1975572	48.3858888
6304700596	16.3918435	48.2203578
6328822781	16.0464650	48.8370938
7041773678	15.9609315	48.7584358
7115027228	16.0791346	48.6284597
7115027229	16.0789886	48.6289898
7124036666	16.3919476	48.2199451
7136156719	16.3842696	48.2023331
1000000004271855	16.3840370	48.2837146
1000000005887591	16.3908727	48.1886142
1000000005887592	16.3887841	48.1872993
1000000005887593	16.3903249	48.1880989
1000000005887595	16.3677722	48.1834254
1000000005889548	16.3841664	48.2027163
1000000005889549	16.3877050	48.1937817
1000000009036010	16.3870837	48.2081859
1000000021563103	16.0545823	48.8498340
1000000021563104	16.0523932	48.8483976
1000000021563106	16.0502480	48.8470186
1000000021563114	16.0557180	48.8505672
1000000024302271	16.4023812	48.2585170
1000000024302278	16.4018430	48.2580863
1000000024302310	16.4011638	48.2575305
1000000024302364	16.3978780	48.2518555
1000000025920603	16.3972739	48.2729800
1000000025920613	16.3986724	48.2718163
1000000026686001	16.3626192	48.1815674
1000000030578323	16.3528554	48.3090792
1000000032624140	16.3996034	48.2557689
1000000033424597	16.3914310	48.2776974
1000000033424598	16.3840370	48.2837146
1000000035144261	16.3841925	48.2414092
1000000035144262	16.3853541	48.2419762
1000000039725742	16.0196050	48.7732868
1000000039726803	15.9513848	48.7431536
1000000041914064	16.0668676	48.5444860
1000000042434237	15.9504029	48.7426814
1000000042434745	15.9676895	48.6840896
1000000045569551	16.0069856	48.7634875
1000000045569552	16.0067211	48.7630991
1000000045583946	15.9657098	48.6992652
1000000045583951	15.9650816	48.7002514
1000000045583964	15.9609574	48.6814482
1000000045583970	15.9608021	48.6759698
1000000045583995	15.9782606	48.6720115
1000000045584002	15.9878319	48.6703422
1000000045584008	15.9610784	48.6758702
1000000045584054	15.9478297	48.7387633
1000000045584056	15.9480863	48.7404367
1000000048238058	16.2372928	48.3788243
1000000049249863	16.1653032	48.4622233
1000000049249875	16.1683353	48.4591197
1000000049989662	16.1375251	48.4819795
1000000049989665	16.1425815	48.4800848
1000000049989701	16.1498766	48.4770853
1000000049989702	16.1568878	48.4708348
1000000049989951	16.0970399	48.5058374
1000000049989952	16.1099826	48.5011276
1000000050015094	16.0719259	48.5588965
1000000050015104	16.0709369	48.5566832
1000000050015116	16.0689233	48.5521081
1000000050015117	16.0673874	48.5464017
1000000050015157	16.0662878	48.5422943
1000000050015208	16.0859727	48.5098636
1000000050015216	16.0824340	48.5111494
1000000050017974	16.0924617	48.6135241
1000000050018007	16.0875912	48.6046869
1000000050018011	16.0866620	48.6010840
1000000050018029	16.0869975	48.5993641
1000000050018031	16.0876224	48.5973468
1000000050061029	16.0337945	48.6559485
1000000050061030	16.0309563	48.6595839
1000000050061127	16.0813981	48.6249690
1000000051357340	16.3370096	48.1753020
1000000057857799	16.3607784	48.3026263
1000000058507187	16.3669929	48.2975642
1000000058507188	16.3718597	48.2935981
1000000058507372	16.3608939	48.3025332
1000000058507753	16.3500977	48.3122947
1000000058507754	16.3508767	48.3112294
1000000058507881	16.3477851	48.3156654
1000000058507882	16.3472883	48.3163947
1000000063820099	16.2327935	48.3795040
1000000065999572	16.0278041	48.7878149
1000000083180148	16.3455916	48.3188753
1000000092290002	16.0281379	48.7891631
1000000092290013	16.0306366	48.7932821
1000000119905813	16.3917276	48.2116405
1000000121416782	16.3828923	48.2403487
1000000123603350	16.3917391	48.2207746
1000000123603352	16.3842473	48.2340318
1000000123603355	16.3819761	48.2375646
1000000123603359	16.3826098	48.2357177
1000000123603361	16.3875777	48.2311206
1000000123603363	16.3819761	48.2375646
1000000123603366	16.3819796	48.2379641
1000000123603370	16.3820751	48.2386128
1000000123603374	16.3855866	48.2328793
1000000123603380	16.3832841	48.2349056
1000000123603382	16.3821821	48.2365675
1000000123635308	16.3437221	48.1769101
1000000123635309	16.3593981	48.1805446
1000000129884790	15.9635213	48.7072219
1000000129884791	15.9674667	48.7082237
1000000142700780	16.3408414	48.1761382
1000000145034922	16.3551338	48.3072135
1000000149641177	16.3413581	48.1762639
1000000157529684	16.2160261	48.3819953
1000000157529696	16.2233121	48.3809072
1000000163133058	16.0721724	48.5610591
1000000163807455	15.9711890	48.6736984
1000000163807456	15.9650285	48.6748498
1000000163848786	15.9602884	48.6762104
1000000163848792	15.9585322	48.6789773
1000000163924948	15.9626137	48.7042159
1000000163924949	15.9647749	48.7007556
1000000164163456	16.0133242	48.7730636
1000000166821889	16.3959541	48.2740664
1000000170838134	16.3986907	48.2538824
1000000177921791	16.3973223	48.2504551
1000000177921795	16.3970052	48.2496598
1000000177921806	16.3913070	48.2447690
1000000188664278	16.3832033	48.2406758
1000000190333128	16.3911420	48.2241937
1000000190333136	16.3898315	48.2282035
1000000190333137	16.3906231	48.2257851
1000000190333138	16.3909929	48.2246379
1000000190333140	16.3902478	48.2269507
1000000190333142	16.3893947	48.2291314
1000000194177102	16.4035725	48.2678631
1000000194177643	16.4011746	48.2698299
1000000194581395	16.3310747	48.3398902
1000000194730104	16.2991839	48.3665463
1000000194730201	16.2946869	48.3690718
1000000194730202	16.2886076	48.3710231
1000000195834842	16.3982373	48.2527399
1000000196096818	16.3990984	48.2714783
1000000196096824	16.4001746	48.2706276
1000000199532300	16.3081523	48.3602206
1000000199537798	16.2078622	48.3830770
1000000199537799	16.2092264	48.3828642
1000000199537800	16.2101530	48.3827506
1000000207767752	16.3849655	48.1997777
1000000207767753	16.3844828	48.2015378
1000000235708986	16.3845760	48.2055704
1000000241163162	16.3976689	48.2513174
1000000241558617	16.3921603	48.2190753
1000000241561924	16.3862422	48.1949793
1000000241565376	16.3570104	48.1798883
1000000241569240	16.3354346	48.1749770
1000000251906959	16.3793253	48.1875036
1000000251906960	16.3921807	48.2161865
1000000251906961	16.3900423	48.1927499
1000000251906962	16.3891077	48.1932491
1000000260310615	15.9609315	48.7584358
1000000260310619	15.9883806	48.7563697
1000000280838723	15.9547048	48.7504087
1000000284594399	16.3867249	48.1943440
1000000284594400	16.3839989	48.2033407
1000000293935321	15.9662217	48.6984260
1000000293935322	15.9657930	48.6991288
1000000294935506	16.0461717	48.8296734
1000000294935510	16.0402163	48.8133074
1000000294935511	16.0543382	48.7971230
1000000294935512	16.0447428	48.8066942
1000000294935513	16.0415977	48.8263127
1000000294935514	16.0489999	48.8401090
1000000294935515	16.0446400	48.8067472
1000000294935516	16.0523304	48.8027907
1000000294935517	16.0442563	48.8196807
1000000294935518	16.0488953	48.8437022
1000000294935520	16.0252448	48.7778050
1000000294935521	16.0277723	48.7876873
1000000315792811	15.9671118	48.7182478
1000000315792812	15.9570345	48.7279203
1000000315792814	15.9486259	48.7370048
1000000315792815	15.9541776	48.7480217
1000000315792817	15.9710929	48.6897673
1000000315792818	15.9916850	48.6732446
1000000315792819	16.0089120	48.6705893
1000000315792820	16.0460786	48.6441349
1000000315792821	16.0387451	48.6508370
1000000315792822	16.0438419	48.6456796
1000000315792823	16.0713715	48.6380881
1000000315792824	16.0920033	48.6095423
1000000315792825	16.0638239	48.5330918
1000000315792826	16.0670808	48.5227886
1000000315792827	16.1704267	48.4569809
1000000315792828	16.1726319	48.4542617
1000000315792829	16.1728282	48.4446182
1000000315792830	16.1670367	48.4197587
1000000315792831	16.1740197	48.4137474
1000000315792832	16.1822321	48.4039850
1000000315936889	16.3974856	48.2728059
1000000315936891	16.3383232	48.3294267
1000000326275682	16.3913043	48.2236317
1000000326275684	16.3921729	48.2173260
1000000327731956	16.0492480	48.7949692
1000000327731957	16.0389786	48.8110009
1000000327731958	16.0417505	48.8259315
1000000332530402	16.3074289	48.3607324
1000000332530403	16.3077254	48.3605236
1000000332533901	16.2214451	48.3811892
1000000332746013	16.0723523	48.5628977
1000000333508781	15.9606405	48.7580605
1000000333508782	15.9596719	48.7568070
1000000333508783	16.0865953	48.5855914
1000000333509603	16.0265907	48.7830207
1000000334208171	16.0073573	48.7640531
1000000334208173	16.0090018	48.7665218
1000000385685431	16.3741166	48.1855900
1000000386927971	16.3924915	48.2129205
1000000386927978	16.3927305	48.2137392
1000000400039829	16.3647503	48.1822835
1000000400039832	16.3651793	48.1824490
1000000404938570	16.3997370	48.2709766
1000000404938572	16.4058081	48.2617267
1000000445483396	16.3914943	48.2224333
1000000445488189	16.3923274	48.2124437
1000000445488191	16.3843439	48.2020575
1000000445488193	16.3865441	48.2078000
1000000445488195	16.3926676	48.2142439
1000000445488196	16.3857474	48.1968423
1000000445488197	16.3907301	48.2109143
1000000445488199	16.3896205	48.2101239
1000000445488201	16.3854669	48.1979017
1000000463243749	15.9495949	48.7421902
1000000463251061	16.0112348	48.7696300
1000000464790470	16.3845357	48.1876710
1000000474959895	16.0098207	48.7676068
1000000482728180	16.4026915	48.2587673
1000000490993953	16.4031571	48.2682046
1000000493251036	16.3961494	48.2481083
1000000493990055	16.3825331	48.2398655
1000000493990056	16.3821813	48.2390554
1000000494743018	16.3885026	48.2092582
1000000495006602	16.3979548	48.2520378
1000000496343102	16.3797443	48.2871801
1000000496343121	16.3815979	48.2856609
1000000499374440	16.3586406	48.1803034
1000000505678436	16.0348191	48.6548170
1000000509397479	16.2045926	48.3837406
1000000509397480	16.2072644	48.3831874
1000000511286334	16.3222816	48.3502568
1000000511286347	16.3299760	48.3414860
1000000515537553	16.3915572	48.1902930
1000000518642450	16.1983764	48.3854448
1000000518661197	16.4013835	48.2696623
1000000518661199	16.4042831	48.2672193
1000000527241053	16.2511057	48.3767008
1000000527241054	16.2422734	48.3780730
1000000546282872	16.3612011	48.1811172
1000000546282873	16.3603815	48.1808629
1000000546283989	16.3926476	48.2143157
1000000580251301	16.1995569	48.3849410
1000000580251310	16.2200404	48.3813931
1000000580251326	16.2113158	48.3826827
1000000580251328	16.2250832	48.3806429
1000000585217718	16.4032453	48.2592238
1000000585217735	16.3989434	48.2544938
1000000585217740	16.4004525	48.2568654
1000000596235407	16.3711223	48.1844905
1000000596235414	16.3583168	48.1802112
1000000596984714	16.3364601	48.1751886
1000000615836748	16.1916800	48.3894160
1000000615836752	16.1975572	48.3858888
1000000627408180	16.3401340	48.1759661
1000000627408181	16.3376999	48.1754450
1000000627408298	16.3414552	48.1762881
1000000627408301	16.3469850	48.1782996
1000000627408304	16.3535295	48.1794849
1000000627408310	16.3499982	48.1790537
1000000627408323	16.3632390	48.1817669
1000000627408331	16.3659623	48.1827549
1000000627408411	16.3682413	48.1835764
1000000627408412	16.3666704	48.1830363
1000000627408416	16.3869205	48.1870853
1000000627408422	16.3812899	48.1879532
1000000627408426	16.3768347	48.1866146
1000000627408444	16.3635113	48.1818538
1000000627408445	16.3638311	48.1819606
1000000627408450	16.3899060	48.1878040
1000000627408452	16.3872637	48.1870797
1000000627408460	16.3822061	48.1880208
1000000627408480	16.3755323	48.1861292
1000000627408482	16.3718828	48.1847544
1000000627408484	16.3692546	48.1838987
1000000673240924	16.3919286	48.2200181
1000000675798404	16.0465461	48.8377370
1000000675798405	16.0464714	48.8369681
1000000675798406	16.0466385	48.8363774
1000000675798407	16.0480249	48.8393562
1000000688597601	16.3907140	48.1922145
1000000688597603	16.3860466	48.1957515
1000000688597605	16.3858232	48.1965408
1000000688597607	16.3850624	48.1994159
1000000688597609	16.3845887	48.2011395
1000000688597618	16.3838499	48.2041507
1000000688597638	16.3867074	48.2079162
1000000688597643	16.3922005	48.2178925
1000000688597645	16.3906231	48.2257851
1000000688597648	16.3905368	48.2260526
1000000688597651	16.3884588	48.2303271
1000000688597653	16.3875777	48.2311206
1000000688597655	16.3842473	48.2340318
1000000688597659	16.3824812	48.2359260
1000000688597662	16.3820170	48.2383006
1000000688597671	16.3835520	48.2409729
1000000688597674	16.3873695	48.2429286
1000000688597681	16.3873345	48.2429121
1000000688597699	16.3934456	48.2457927
1000000688597711	16.3946298	48.2465767
1000000688597712	16.3969055	48.2494303
1000000688597714	16.3974141	48.2506817
1000000688597741	16.4053103	48.2657213
1000000688597744	16.4011746	48.2698299
1000000688597757	16.3970682	48.2731527
1000000688597767	16.3939437	48.2756738
1000000688597768	16.3889632	48.2797109
1000000688597770	16.3862140	48.2819530
1000000688597772	16.3824574	48.2849614
1000000688597774	16.3799079	48.2870470
1000000688597776	16.3719081	48.2935586
1000000688597778	16.3578759	48.3049896
1000000688597781	16.3559689	48.3065419
1000000688597782	16.3464557	48.3176001
1000000688597784	16.3451779	48.3194730
1000000688597786	16.3320678	48.3384624
1000000688597790	16.3295471	48.3421045
1000000688597795	16.3272305	48.3454845
1000000688597800	16.3114044	48.3579272
1000000688597801	16.3096660	48.3591531
1000000688597803	16.3052389	48.3622758
1000000688597805	16.2804090	48.3723362
1000000688597807	16.2649563	48.3746553
1000000688597810	16.2565798	48.3758754
1000000688597812	16.2514553	48.3766508
1000000688597814	16.2251970	48.3806262
1000000688597817	16.1854216	48.3964622
1000000688597818	16.1859967	48.3949599
1000000688597820	16.1717984	48.4254157
1000000688597825	16.1748555	48.4285002
1000000688597830	16.1756560	48.4307070
1000000688597835	16.1751580	48.4345728
1000000688597839	16.1606377	48.4669985
1000000688597844	16.1589161	48.4687600
1000000688597850	16.1315742	48.4872393
1000000688597853	16.1268967	48.4921588
1000000688597856	16.1229518	48.4959360
1000000688597857	16.1166498	48.4987078
1000000688597858	16.0718146	48.5182994
1000000688597859	16.0755260	48.5143585
1000000688597860	16.0709981	48.5567965
1000000688597862	16.0722988	48.5618174
1000000688597866	16.0724642	48.5655623
1000000688597869	16.0757237	48.5728731
1000000688597870	16.0927004	48.6122898
1000000688597872	16.0921477	48.6149800
1000000688597874	16.0866123	48.6219197
1000000688597876	16.0889488	48.6204696
1000000688597877	16.0609516	48.6405969
1000000688597878	16.0550879	48.6419696
1000000688597882	16.0498365	48.6431757
1000000688597885	16.0441905	48.6453414
1000000688597886	15.9693184	48.6740378
1000000688597887	15.9619363	48.6817949
1000000688597889	15.9705701	48.6871579
1000000688597892	15.9689717	48.6940368
1000000688597895	15.9668472	48.6973826
1000000688597931	15.9645495	48.7011101
1000000688597932	15.9540777	48.7445692
1000000688597939	15.9549626	48.7507498
1000000688597956	15.9573103	48.7537687
1000000688597961	15.9635486	48.7609837
1000000688597965	15.9571550	48.7535689
1000000688597984	16.0911799	48.6180600
1000000688597988	16.0723919	48.5638451
1000000688597989	16.0724312	48.5647670
1000000688597991	16.0725253	48.5671039
1000000688597998	16.2200134	48.3813971
1000000688598000	16.2154842	48.3820748
1000000688598001	16.2129682	48.3824512
1000000688598008	16.2087361	48.3829348
1000000688598024	16.3857185	48.2071188
1000000688619467	16.3859684	48.2073660
1000000762432299	16.3919476	48.2199451
1000000763782419	16.3843390	48.2020771
